cluster_id,keywords,cluster_name
-1,"['suspicious login attempt', 'firefox font rendering', 'duo authentication failure', 'dwh connection failure', 'atm deposit failure', 'label misalignment', 'suspicious login attempt', 'unusual login attempt', 'database connection timeout', 'datum integration discrepancy', 'db connection timeout', 'suspicious login attempt', 'database connection timeout', 'dwh report delay', 'break link error', 'oracle query timeout']",Uncategorized Topics
0,"['ios transaction history', 'ios bill payment crash', 'ios transaction crash', 'ios bill payment crash', 'ios bill payment crash', 'ios transaction crash', 'ios bill payment crash', 'ios bill payment crash', 'ios transaction crash', 'ios bill payment crash']",Crash / Bill / Payment
1,"['android app crash', 'android app crash', 'android app crash', 'android app crash', 'ios app crash', 'ios app crash', 'ios app crash', 'android app crash', 'ios app crash', 'ios app crash', 'android app crash', 'android app crash', 'ios app crash', 'android app crash', 'ios app crash', 'ios app crash', 'android app crash', 'ios app crash', 'ios app crash', 'ios app crash', 'ios crash report', 'ios app crash', 'ios app crash', 'ios app crash', 'ios app crash', 'ios app crash', 'ios app crash', 'ios app crash', 'ios app crash', 'ios app crash', 'ios app crash', 'ios app crash', 'ios app crash', 'ios app crash', 'ios app crash', 'ios app crash', 'ios app crash', 'ios app crash', 'ios app crash', 'ios app crash', 'ios app crash', 'ios app crash', 'ios app crash', 'ios app crash', 'ios app crash', 'ios app crash', 'ios app crash', 'ios app crash', 'ios app crash', 'android app crash', 'ios app crash', 'ios app crash', 'ios app crash', 'ios app crash', 'ios app crash', 'ios app crash', 'ios app crash', 'ios app crash', 'ios app crash', 'ios app crash', 'ios app crash', 'ios app crash', 'ios app crash', 'ios app crash', 'ios app crash', 'ios app crash', 'ios app crash', 'ios app crash', 'ios app crash', 'ios app crash', 'ios app crash', 'ios app crash', 'ios app crash', 'ios app crash', 'ios app crash', 'ios app crash', 'ios app crash', 'ios app crash', 'ios app crash', 'ios app crash', 'ios app crash', 'ios app crash', 'ios app crash', 'ios app crash', 'ios app crash', 'ios app crash', 'ios app crash', 'ios app crash', 'ios app crash', 'ios app crash', 'ios app crash', 'ios app crash', 'ios app crash', 'ios app crash', 'ios app crash', 'ios app crash', 'ios app crash', 'ios app crash', 'ios app crash', 'ios app crash', 'ios app crash', 'ios app crash', 'ios app crash', 'ios app crash', 'ios app crash', 'ios app crash', 'ios app crash', 'ios app crash', 'ios app crash', 'ios app crash', 'ios app crash', 'ios app crash', 'ios app crash', 'ios app crash', 'ios app crash', 'ios app crash', 'ios app crash', 'ios app crash', 'ios crash report', 'ios app crash', 'ios app crash', 'ios app crash', 'ios app crash', 'ios app crash', 'ios app crash', 'ios app crash', 'ios app crash', 'ios app crash', 'ios crash report', 'ios crash report', 'ios app crash', 'ios app crash', 'ios app crash', 'ios app crash', 'ios app crash', 'ios app crash', 'ios app crash', 'ios app crash', 'ios app crash', 'ios app crash', 'ios app crash', 'ios app crash', 'ios app crash', 'ios app crash', 'ios app crash', 'ios app crash', 'ios app crash', 'ios app crash']",Crash / Android / Report
2,"['branch network outage', 'branch network downtime', 'branch network downtime', 'branch network downtime', 'branch network downtime', 'branch network downtime', 'branch network outage', 'branch network downtime', 'branch network downtime', 'branch network downtime', 'branch network downtime', 'branch network downtime', 'branch network downtime', 'branch network downtime', 'branch network downtime']",Branch / Network / Downtime
3,"['branch network outage', 'branch network outage', 'branch network outage', 'branch network outage', 'branch network outage', 'branch network outage', 'branch network outage', 'branch network outage', 'branch network outage', 'branch network outage', 'branch network outage', 'branch network outage', 'branch network outage', 'branch network outage', 'branch network outage', 'branch network outage', 'branch network outage', 'branch network outage', 'branch network outage', 'branch network outage', 'branch network outage', 'branch network outage', 'branch network outage', 'branch network outage', 'branch network outage', 'branch network outage', 'branch network outage', 'branch network outage', 'branch network outage', 'branch network outage', 'branch network outage', 'branch network outage', 'branch network outage', 'branch network outage', 'branch network outage', 'branch network outage', 'branch network outage', 'branch network outage', 'branch network outage', 'branch network outage', 'branch network outage', 'branch network outage', 'branch network outage', 'branch network outage', 'branch network outage', 'branch network outage', 'branch network outage', 'branch network outage', 'branch network outage', 'branch network outage', 'branch network outage', 'branch network outage', 'branch network outage', 'branch network outage', 'branch network outage', 'branch network outage', 'branch network outage', 'branch network outage', 'branch network outage', 'branch network outage', 'branch network outage', 'branch network outage', 'branch network outage', 'branch network outage', 'branch network outage', 'branch network outage', 'branch network outage', 'branch network outage', 'branch network outage', 'branch network outage', 'branch network outage', 'branch network outage', 'branch network outage', 'branch network outage', 'branch network outage', 'branch network outage', 'branch network outage', 'branch network outage', 'branch network outage', 'branch network outage', 'branch network outage', 'branch network outage', 'branch network outage', 'branch network outage', 'branch network outage', 'branch network outage', 'branch network outage', 'branch network outage', 'branch network outage', 'branch network outage', 'branch network outage', 'branch network outage', 'branch network outage', 'branch network outage', 'branch network outage', 'branch network outage', 'branch network outage', 'branch network outage', 'branch network outage', 'branch network outage', 'branch network outage', 'branch network outage', 'branch network outage', 'branch network outage', 'branch network outage', 'branch network outage', 'branch network outage', 'branch network outage', 'branch network outage', 'branch network outage', 'branch network outage', 'branch network outage', 'branch network outage', 'branch network outage', 'branch network outage', 'branch network outage', 'branch network outage', 'branch network outage', 'branch network outage', 'branch network outage', 'branch network outage', 'branch network outage', 'branch network outage', 'branch network outage', 'branch network outage', 'branch network outage', 'branch network outage', 'branch network outage', 'branch network outage', 'branch network outage', 'branch network outage']",Branch / Network / Outage
4,"['atm card retention', 'atm card retention', 'atm card retention', 'atm card retention', 'atm card retention', 'atm card retention', 'atm card retention', 'atm card retention', 'atm card retention', 'atm card retention', 'atm card retention', 'atm card retention', 'atm card retention', 'atm card retention', 'atm card retention', 'atm card retention', 'atm card retention', 'atm card retention', 'atm card retention', 'atm card retention', 'atm card retention', 'atm card retention', 'atm card retention', 'atm card retention', 'atm card retention', 'atm card retention', 'atm card retention', 'atm card retention', 'atm card retention', 'atm card retention', 'atm card retention', 'atm card retention', 'atm card retention', 'atm card retention', 'atm card retention', 'atm card retention', 'atm card retention', 'atm card retention', 'atm card retention', 'atm card retention', 'atm card retention', 'atm card retention', 'atm card retention', 'atm card retention', 'atm card retention', 'atm card retention', 'atm card retention', 'atm card retention', 'atm card retention', 'atm card retention', 'atm card retention', 'atm card retention', 'atm card retention', 'atm card retention', 'atm card retention', 'atm card retention', 'atm card retention', 'atm card retention', 'atm card retention', 'atm card retention', 'atm card retention', 'atm card retention', 'atm card retention', 'atm card retention', 'atm card retention', 'atm card retention']",Card / Retention
5,"['ob login failure', 'obas login failure', 'obas login failure', 'obas login failure', 'obas login failure', 'obas login failure', 'obas login failure', 'obas login failure', 'obas login failure', 'obas login failure', 'obas login failure', 'obas login failure', 'obas login failure', 'obas login failure', 'obas login failure', 'obas login failure', 'obas login failure', 'obas login failure', 'obas login failure', 'obas login failure', 'obas login failure', 'obas login failure', 'obas login failure', 'obas login failure', 'obas login failure', 'obas login failure', 'obas login failure', 'obas login failure', 'obas login failure', 'obas login failure', 'obas login failure', 'obas login failure', 'obas login failure', 'obas login failure', 'obas login failure', 'obas login failure', 'obas login failure', 'obas login failure', 'obas login failure', 'obas login failure', 'obas login failure', 'obas login failure', 'obas login failure', 'obas login failure', 'obas login failure', 'obas login failure', 'obas login failure', 'obas login failure', 'obas login failure', 'obas login failure', 'obas login failure', 'obas login failure', 'obas login failure', 'obas login failure', 'obas login failure', 'obas login failure', 'obas login failure', 'obas login failure', 'obas login failure', 'obas login failure', 'obas login failure', 'obas login failure', 'obas login failure', 'obas login failure', 'obas login failure', 'obas login failure', 'obas login failure', 'obas login failure', 'obas login failure', 'obas login failure', 'obas login failure', 'obas login failure', 'obas login failure', 'obas login failure', 'obas login failure', 'obas login failure', 'obas login failure', 'obas login failure', 'obas login failure', 'obas login failure', 'obas login failure', 'obas login failure', 'obas login failure', 'obas login failure', 'obas login failure', 'obas login failure', 'obas login failure', 'obas login failure', 'obas login failure', 'obas login failure', 'obas login failure', 'obas login failure', 'obas login failure', 'obas login failure', 'obas login failure', 'obas login failure', 'obas login failure', 'obas login failure', 'obas login failure', 'obas login failure', 'obas login failure', 'obas login failure', 'obas login failure', 'obas login failure', 'obas login failure', 'obas login failure', 'obas login failure', 'obas login failure']",Login / Failure / Obas
6,"['atm card reader failure', 'atm card reader failure', 'atm card reader failure', 'atm card reader failure', 'ncr card reader failure', 'atm card reader', 'atm card reader failure', 'atm card reader failure', 'atm card reader failure', 'atm card reader failure', 'atm card reader failure', 'atm card reader failure', 'atm cassette jam', 'atm card reader failure', 'atm card reader failure', 'atm card reader failure', 'atm card reader failure', 'atm card reader failure', 'atm card reader failure', 'atm card reader failure', 'atm card reader failure', 'atm card reader failure', 'atm card reader failure', 'atm card reader', 'atm card reader failure', 'atm chip reader', 'atm card reader failure', 'atm card reader failure', 'atm card reader failure', 'atm card reader failure', 'atm card reader failure', 'atm card reader failure', 'atm card reader failure', 'atm card reader failure', 'atm card reader failure', 'atm card reader failure', 'atm card reader failure', 'atm card reader failure', 'atm card reader failure', 'atm card reader failure', 'atm card reader failure', 'atm card reader failure', 'atm card reader failure', 'atm card reader failure', 'atm card reader failure', 'atm card reader failure', 'atm card reader failure', 'atm card reader failure', 'atm card reader', 'atm card reader failure', 'atm card reader failure', 'atm card reader failure', 'atm card reader failure', 'atm card reader failure', 'atm card reader failure', 'atm card reader failure', 'atm card reader failure', 'atm card reader', 'atm card reader failure', 'atm card reader failure', 'atm card reader failure', 'atm card reader failure', 'atm card reader failure', 'atm card reader failure', 'atm card reader failure', 'atm card reader failure', 'atm card reader failure', 'atm card reader failure', 'atm card reader failure', 'atm card reader failure', 'atm card reader failure', 'atm card reader failure', 'atm card reader failure', 'atm card reader failure', 'atm card reader failure', 'atm card reader failure', 'atm card reader failure', 'atm card reader failure', 'atm card reader failure', 'atm card reader failure', 'atm card reader failure', 'atm card reader failure', 'atm card reader failure', 'atm card reader failure', 'atm card reader failure', 'atm card reader failure', 'atm card reader failure', 'atm card reader failure', 'atm card reader failure', 'atm card reader failure', 'atm card read failure', 'atm card reader failure', 'atm card reader failure', 'atm card reader failure', 'atm card reader failure', 'atm card reader failure', 'atm card reader failure', 'atm card reader failure', 'atm card reader', 'atm card reader failure', 'atm card reader failure', 'atm card reader failure', 'atm card reader failure', 'atm card reader failure', 'ncr card reader failure', 'atm card reader failure', 'atm card reader failure', 'atm card reader failure', 'atm card reader failure', 'atm card reader failure', 'atm card reader failure', 'atm card reader failure', 'atm card reader failure', 'atm card reader failure', 'atm card reader failure', 'atm card reader failure', 'ncr card reader failure', 'atm card reader failure', 'atm card reader failure', 'atm card reader failure', 'atm card reader failure', 'atm card reader failure', 'atm card reader failure']",Card / Reader / Failure
7,"['atm cash dispenser', 'atm cash jam', 'atm deposit failure', 'atm cash error', 'atm cash error']",Cash / Error / Dispenser
8,"['atm cash dispense', 'atm cash dispense', 'atm cash dispense', 'atm cash dispense', 'atm cash dispense failure']",Cash / Dispense / Failure
9,"['suspicious login activity', 'suspicious login activity', 'suspicious login activity', 'suspicious login activity', 'suspicious login activity', 'suspicious login activity', 'suspicious login activity', 'suspicious login activity', 'suspicious login activity', 'suspicious login activity', 'suspicious login activity', 'suspicious login activity', 'suspicious login activity', 'suspicious login activity', 'suspicious login activity', 'suspicious login activity', 'suspicious login activity', 'suspicious login activity', 'suspicious login activity', 'suspicious login activity', 'suspicious login activity', 'suspicious login activity', 'suspicious login activity', 'suspicious login activity', 'suspicious login activity', 'suspicious login activity', 'suspicious login activity', 'suspicious login activity', 'suspicious login activity', 'suspicious login activity', 'suspicious login activity', 'suspicious login activity', 'suspicious login activity', 'suspicious login activity', 'suspicious login activity', 'suspicious login activity', 'suspicious login activity', 'suspicious login activity', 'suspicious login activity', 'suspicious mobile login', 'suspicious login activity', 'suspicious login activity', 'suspicious login activity', 'suspicious login activity', 'suspicious login activity', 'suspicious login activity', 'suspicious login activity', 'suspicious login activity', 'suspicious login activity', 'suspicious login activity', 'suspicious login activity', 'suspicious login activity', 'suspicious login activity', 'suspicious login activity', 'suspicious login activity', 'suspicious login activity', 'suspicious login activity', 'suspicious login activity', 'suspicious login activity', 'suspicious login activity', 'suspicious login activity', 'suspicious login activity', 'suspicious login activity', 'suspicious login activity', 'suspicious login activity', 'suspicious login activity', 'suspicious login activity', 'suspicious login activity', 'suspicious login activity', 'suspicious login activity', 'suspicious login activity', 'suspicious login activity', 'suspicious login activity', 'suspicious login activity', 'unusual login activity', 'suspicious login activity', 'suspicious login activity', 'suspicious login activity', 'suspicious login activity', 'suspicious login activity', 'suspicious login activity', 'suspicious login activity', 'suspicious login activity', 'suspicious login activity', 'suspicious login activity', 'suspicious login activity', 'suspicious login activity', 'suspicious login activity', 'suspicious login activity', 'suspicious login activity', 'suspicious login activity', 'suspicious login activity', 'suspicious login activity', 'suspicious login activity', 'suspicious login activity', 'suspicious login activity', 'suspicious login activity', 'suspicious login activity', 'suspicious login activity', 'suspicious login activity', 'suspicious login activity', 'suspicious login activity', 'suspicious login activity', 'suspicious login activity', 'suspicious login activity', 'suspicious login activity', 'suspicious login activity', 'suspicious login activity', 'suspicious login activity', 'suspicious login activity', 'suspicious login activity', 'suspicious login activity', 'suspicious login activity', 'suspicious login activity', 'suspicious login activity', 'suspicious login activity', 'suspicious login activity', 'suspicious login activity', 'suspicious login activity', 'suspicious login activity', 'suspicious login activity', 'suspicious login activity', 'suspicious login activity', 'suspicious login activity', 'suspicious login activity', 'suspicious login activity', 'suspicious login activity']",Login / Suspicious / Activity
10,"['billpay module crash', 'bill pay alignment', 'bill payment failure', 'bill payment failure', 'bill pay alignment', 'bill pay alignment', 'bill pay alignment', 'bill pay alignment', 'bill pay alignment', 'bill pay ui', 'bill pay alignment', 'bill pay alignment', 'bill pay ui']",Bill / Alignment / Payment
11,"['exchange online outage', 'exchange online delay', 'exchange online outage', 'exchange online outage', 'exchange online outage', 'exchange online outage']",Exchange / Online / Outage
12,"['outlook signature display', 'exchange server outage', 'exchange server outage', 'exchange server outage', 'exchange server outage', 'exchange server outage', 'exchange server outage', 'exchange server downtime', 'exchange server performance', 'exchange server outage', 'exchange server outage', 'exchange server outage', 'exchange server performance', 'exchange server outage', 'exchange server outage', 'exchange server outage', 'exchange server outage', 'exchange server outage', 'exchange server failure', 'exchange server offline', 'exchange server outage', 'exchange server outage', 'exchange server outage', 'exchange server outage', 'exchange server cpu', 'exchange server outage', 'exchange server outage', 'exchange server outage', 'exchange server outage', 'exchange server outage', 'exchange server outage', 'exchange server outage', 'exchange server downtime', 'exchange server outage', 'exchange server outage', 'exchange server outage', 'exchange server outage', 'exchange server outage', 'exchange server downtime', 'exchange server outage', 'exchange server outage', 'exchange server queue', 'exchange server outage', 'exchange server failure', 'exchange server outage', 'exchange server outage', 'exchange server outage', 'exchange server downtime', 'exchange server outage', 'exchange server outage', 'exchange server outage', 'exchange server outage', 'exchange server outage', 'exchange server outage', 'exchange server outage', 'exchange server outage', 'exchange server outage', 'exchange server outage', 'exchange email delay']",Exchange / Server / Outage
13,"['fraudulent wire transfer', 'fraudulent wire transfer', 'fraudulent transaction alert', 'fraudulent transaction alert', 'fraudulent transfer attempt', 'fraudulent wire transfer', 'fraudulent wire transfer', 'high risk transaction', 'fraudulent wire transfer', 'fraudulent transaction alert']",Fraudulent / Transfer / Wire
14,"['report generation failure', 'report server failure', 'report generation failure', 'report generation failure', 'report generation failure', 'report generation failure', 'report server failure', 'report generation failure', 'report generation failure', 'report generation failure', 'fedline connection error', 'report generation failure', 'reconciliation report failure', 'report generation failure', 'report generation failure', 'report generation failure', 'report generation failure', 'hard bounce analysis', 'report generation failure', 'report generation failure', 'report generation failure', 'report generation failure', 'report generation failure', 'report generation failure', 'report generation failure', 'report generation failure', 'report generation failure', 'report generation failure', 'report generation failure', 'daily report failure', 'report generation failure', 'report generation failure', 'report generation failure', 'report generation failure', 'report generation failure', 'report generation failure', 'report generation failure', 'report generation failure', 'report generation failure', 'report generation failure', 'report generation failure', 'reconciliation report failure', 'report generation failure', 'report generation failure', 'report generation failure', 'report generation failure', 'report generation failure', 'report generation failure', 'report generation failure', 'report generation failure', 'report generation failure', 'report generation failure', 'report generation failure', 'report generation failure', 'report generation failure', 'report generation failure', 'report generation failure', 'report generation failure', 'report generation failure', 'transaction report discrepancy', 'report generation failure', 'report generation failure', 'report generation failure', 'report generation failure', 'report generation failure', 'reconciliation report failure', 'report generation failure', 'report generation failure', 'report generation failure', 'report generation failure', 'report generation failure', 'report generation failure', 'report generation failure', 'report generation failure', 'report generation failure', 'report generation failure']",Report / Failure / Generation
15,"['verbose logging issue', 'batch job failure', 'batch job failure', 'batch job failure', 'batch job failure', 'batch job failure', 'batch job failure', 'batch job failure', 'batch job failure', 'batch job failure', 'batch job failure', 'batch job failure', 'batch job failure', 'batch job failure', 'batch job failure', 'batch job failure', 'stage backup failure', 'batch job failure', 'batch job failure', 'batch job failure', 'batch job failure', 'batch job failure', 'batch job failure', 'archive backup failure', 'batch job failure', 'batch job failure', 'batch job failure', 'batch job failure', 'batch job failure', 'batch job failure', 'batch job failure', 'batch job failure', 'batch job failure', 'batch job failure', 'batch job failure', 'batch job failure', 'batch job failure', 'backup job failure']",Failure / Batch / Backup
16,"['ach payment delay', 'ach payment delay', 'ach payment delay', 'ach payment delay', 'ach payment delay', 'ach payment delay', 'delay ach payment', 'delay ach payment', 'ach payment delay', 'ach payment delay', 'ach payment delay', 'ach payment delay', 'ach payment delay', 'ach payment delay', 'ach payment delay', 'ach payment delay', 'ach payment delay', 'ach payment delay', 'ach payment delay', 'ach payment delay', 'ach payment delay', 'ach payment delay', 'ach payment delay', 'ach payment delay', 'ach payment delay', 'ach payment delay', 'ach processing timeout', 'ach payment delay', 'ach payment delay', 'ach payment delay', 'ach payment delay', 'ach payment delay', 'ach payment delay', 'ach payment delay', 'ach payment delay', 'ach payment delay', 'ach payment delay', 'ach payment delay', 'ach payment delay', 'ach payment delay', 'ach payment delay', 'ach payment delay', 'ach payment delay', 'ach payment delay', 'ach payment stall', 'ach payment delay', 'ach payment delay', 'ach payment delay', 'ach payment delay', 'ach payment delay', 'ach payment delay', 'ach payment delay', 'ach payment delay', 'ach payment delay', 'ach payment delay', 'ach payment delay', 'ach payment delay', 'ach payment delay', 'ach payment delay', 'ach payment stall', 'ach payment delay', 'ach payment delay', 'ach payment delay', 'ach payment delay', 'ach payment delay', 'ach payment delay', 'ach payment delay', 'ach payment delay', 'ach payment delay', 'ach payment delay', 'ach payment delay', 'ach payment delay', 'ach payment delay', 'ach payment delay', 'ach payment delay', 'ach payment delay', 'ach payment delay']",Payment / Delay / Stall
17,"['brute force attack', 'brute force attack', 'brute force attack', 'brute force attack', 'brute force attack', 'brute force attack', 'brute force attack', 'brute force attack', 'brute force attack', 'brute force attack', 'brute force attack', 'brute force attack', 'brute force attack', 'brute force attack', 'brute force attack', 'brute force attack', 'brute force attack', 'brute force attack', 'brute force attack', 'brute force attack']",Brute / Force / Attack
18,"['account nickname truncation', 'account nickname truncation', 'account nickname truncation', 'account nickname truncation', 'account nickname truncation', 'account nickname truncation', 'account nickname truncation', 'account nickname truncation', 'account nickname truncation', 'account nickname truncation', 'account nickname truncation', 'account nickname truncation', 'account nickname truncation', 'account nickname truncation', 'account nickname truncation', 'account nickname truncation', 'account nickname truncation', 'account nickname truncation', 'account nickname truncation', 'account nickname truncation', 'account nickname truncation', 'account nickname truncation', 'account nickname truncation', 'account nickname truncation', 'account nickname truncation', 'account nickname truncation', 'account nickname truncation', 'account nickname truncation']",Account / Nickname / Truncation
19,"['nickname display error', 'account nickname alignment', 'nickname truncation', 'account nickname display', 'account nickname alignment', 'account nickname alignment', 'account nickname display', 'nickname truncation', 'account nickname alignment', 'account nickname display', 'account nickname alignment', 'account nickname display', 'account nickname alignment', 'account nickname display', 'account nickname display', 'account nickname alignment', 'account nickname alignment', 'nickname truncation', 'account nickname display']",Nickname / Account / Display
20,"['fraudulent login attempt', 'fraudulent login attempt', 'fraudulent login attempt', 'fraudulent login attempt', 'fraudulent login attempt', 'fraudulent login attempt', 'fraudulent login attempt', 'fraudulent login attempt', 'fraudulent login attempt', 'fraudulent login attempt', 'fraudulent login attempt']",Fraudulent / Login / Attempt
21,"['suspicious login attempt', 'suspicious login attempt', 'suspicious login attempt', 'suspicious login attempt', 'suspicious login attempt', 'suspicious login attempt', 'suspicious login attempt', 'suspicious login attempt', 'suspicious login attempt', 'suspicious login attempt', 'suspicious login attempt', 'suspicious login attempt', 'suspicious login attempt', 'suspicious login attempt', 'suspicious login attempt', 'suspicious login attempt', 'suspicious login attempt', 'suspicious login attempt']",Suspicious / Login / Attempt
22,"['account nickname font', 'account nickname font', 'account nickname font', 'account nickname font', 'account nickname font', 'account nickname font', 'account nickname font', 'account nickname font', 'account nickname font', 'account nickname font', 'account nickname font', 'account nickname font', 'account nickname font', 'account nickname font', 'account nickname font', 'account nickname font', 'account nickname font', 'account nickname font']",Account / Nickname / Font
23,"['branch network latency', 'branch network latency', 'branch network latency', 'branch network latency', 'branch network latency', 'branch network latency', 'branch router cpu', 'branch network latency', 'branch network latency', 'branch network latency', 'branch network connectivity', 'branch network latency', 'branch network latency', 'branch network latency', 'branch network latency', 'branch network latency', 'branch network latency', 'branch network latency', 'branch network latency', 'branch network connectivity', 'branch network latency', 'branch network latency', 'branch network latency', 'branch network latency', 'branch network latency', 'branch network latency', 'branch network latency', 'branch network latency', 'branch network latency', 'branch network latency']",Branch / Network / Latency
24,"['mpls circuit latency', 'mpls circuit failure', 'mpls circuit latency', 'mpls connection drop', 'mpls circuit latency', 'mpls circuit latency', 'mpls circuit latency', 'mpls circuit latency', 'mpls circuit latency', 'mpls network latency', 'mpls circuit latency', 'mpls circuit failure', 'mpls network latency', 'mpls link failure', 'mpls connection failure']",Mpls / Circuit / Latency
25,"['mobile balance discrepancy', 'mobile balance discrepancy', 'mobile balance discrepancy', 'mobile bill pay failure', 'mobile deposit quality', 'mobile balance discrepancy', 'mobile deposit crash', 'mobile balance discrepancy']",Mobile / Balance / Discrepancy
26,"['mobile app alignment', 'mobile app crash', 'mobile app crash', 'mobile app crash', 'mobile app crash', 'mobile app crash', 'mobile app crash', 'mobile app crash', 'mobile app delay', 'mobile app crash', 'mobile app crash', 'mobile app crash', 'mobile app crash', 'mobile app crash', 'mobile app crash', 'mobile app crash', 'mobile app crash', 'mobile app crash', 'mobile app crash', 'mobile app crash', 'mobile app crash', 'mobile app crash', 'mobile app crash', 'mobile app crash', 'mobile app crash']",Mobile / Crash / Alignment
27,"['phishe email threat', 'phishe email detection', 'phishe email spike', 'phishe email threat', 'phishe email response', 'phishe email response', 'phishe email response', 'phishe email response', 'phishe email response', 'phishe email threat']",Phishe / Email / Response
28,"['slow report generation', 'slow query performance', 'slow query performance', 'slow query performance', 'slow query performance', 'slow query performance']",Slow / Query / Performance
29,"['credential stuffing attack', 'credential stuffing attempt', 'credential stuffing attack', 'credential stuffing attack', 'credential stuffing attack']",Credential / Stuffing / Attack
30,"['snowflake query timeout', 'snowflake connection timeout', 'snowflake report failure', 'snowflake connection failure', 'snowflake report timeout', 'snowflake query performance']",Snowflake / Timeout / Query
31,"['receipt printer error', 'receipt printer failure', 'receipt printer failure', 'receipt printer failure', 'receipt printer failure', 'receipt printer failure', 'receipt printer failure', 'receipt printer offline', 'receipt printer error', 'receipt printer error', 'receipt printer failure', 'receipt printer failure', 'receipt printer error', 'receipt printer failure', 'receipt printer failure', 'receipt printer failure', 'receipt printer failure', 'receipt printer failure', 'receipt printer failure', 'receipt printer failure', 'receipt printer failure', 'receipt printer failure']",Receipt / Printer / Failure
32,"['sql query timeout', 'sql query timeout', 'sql query timeout', 'sql query timeout', 'sql query timeout', 'sql timeout error', 'sql server timeout', 'sql query timeout', 'sql query timeout', 'sql query timeout', 'sql query timeout', 'sql query timeout', 'sql query timeout', 'sql query timeout', 'sql query timeout', 'sql query timeout', 'sql query timeout', 'sql query timeout', 'sql query timeout', 'sql query timeout', 'sql query timeout', 'sql query timeout', 'sql query timeout', 'sql query timeout']",Timeout / Query / Error
33,"['report generation delay', 'report generation delay', 'report generation delay', 'report generation delay', 'regulatory reporting failure', 'report generation delay', 'report generation timeout', 'report generation delay', 'report generation delay', 'report generation timeout', 'report generation delay', 'report generation timeout', 'report generation delay', 'report generation delay', 'report generation timeout', 'report generation timeout', 'regulatory report failure', 'report generation delay', 'report generation delay', 'report generation delay', 'report generation timeout', 'report generation delay', 'report generation delay', 'report generation delay', 'regulatory reporting failure', 'report generation delay', 'report generation timeout', 'report generation timeout', 'report generation delay', 'regulatory reporting delay', 'report generation delay', 'report generation delay', 'report generation delay', 'report generation delay', 'report generation timeout', 'report generation timeout']",Report / Generation / Delay
34,"['teller app freeze', 'teller printer offline', 'teller printer offline', 'teller printer failure', 'teller printer error', 'teller app slowness', 'teller printer offline', 'teller printer offline', 'teller printer offline', 'teller printer failure', 'teller printer offline']",Teller / Printer / Offline
35,"['oracle query performance', 'sql server performance', 'oracle database performance', 'oracle query performance']",Performance / Oracle / Query
36,"['store procedure performance', 'sql query optimization', 'sql query performance', 'sql query performance', 'sql query performance', 'sql query performance', 'sql query performance', 'sql query performance', 'sql query performance']",Performance / Query / Store
37,"['ach payment failure', 'ach transfer failure', 'ach payment failure', 'ach payment failure', 'ach payment failure', 'ach settlement rejection', 'ach payment failure', 'ach payment failure', 'ach payment failure', 'ach payment failure', 'ach payment failure', 'ach payment failure', 'ach payment failure', 'ach payment failure', 'ach payment failure', 'ach payment failure', 'ach payment failure', 'ach payment failure', 'ach payment failure', 'ach payment failure', 'ach payment failure', 'ach payment failure', 'ach payment failure', 'ach payment failure', 'ach payment failure', 'ach payment failure', 'ach payment failure', 'ach payment rejection']",Payment / Failure / Rejection
38,"['duplicate ach payment', 'duplicate ach payment', 'duplicate wire transfer', 'duplicate ach payment', 'nacha connectivity failure', 'duplicate wire transfer', 'duplicate debit transaction', 'duplicate wire transfer', 'nacha file error', 'nacha file transmission']",Duplicate / Payment / Wire
39,"['ach payroll failure', 'ach payroll failure', 'fail ach payroll', 'ach payroll failure', 'ach payroll failure', 'ach payroll failure', 'ach payroll failure', 'ach payroll delay', 'ach payroll failure', 'ach payroll failure', 'ach payroll failure', 'ach payroll rejection']",Payroll / Failure / Fail
40,"['database performance degradation', 'database performance degradation', 'database performance degradation', 'database performance degradation', 'database performance degradation', 'database performance degradation', 'database performance degradation', 'database performance degradation', 'database performance degradation', 'database performance degradation', 'database performance degradation', 'database performance degradation', 'database performance degradation', 'database performance degradation', 'database performance degradation', 'database performance degradation', 'database performance degradation', 'database performance degradation', 'database performance degradation', 'database performance degradation']",Database / Performance / Degradation
41,"['report query performance', 'query performance degradation', 'report query timeout', 'report query performance', 'report query performance', 'report query performance', 'report database capacity', 'report query performance', 'report performance degradation', 'report query performance']",Report / Query / Performance
42,"['ldap query latency', 'ldap authentication failure', 'ldap server latency', 'ldap connection timeout', 'ldap connection timeout', 'ldap connection timeout', 'ldap connection timeout', 'ldap connection timeout', 'ldap login failure', 'ldap authentication failure', 'ldap authentication failure', 'ldap login failure', 'ldap authentication failure', 'ldap authentication failure', 'ldap authentication failure', 'ldap authentication failure', 'ldap authentication failure', 'ldap login failure', 'ldap authentication failure', 'ldap authentication failure', 'ldap authentication failure', 'ldap authentication failure', 'ldap login failure']",Ldap / Failure / Authentication
43,"['ach routing number', 'ach route validation', 'ach routing error', 'ach routing error', 'ach routing error', 'ach routing error', 'ach routing error', 'ach route error', 'ach routing error', 'ach routing error']",Routing / Error / Route
44,"['ach batch failure', 'ach batch delay', 'ach batch failure', 'ach batch failure', 'ach file rejection', 'ach batch failure', 'ach file validation', 'ach batch failure', 'dna batch processing', 'ach batch failure', 'ach batch failure', 'ach batch failure', 'fail ach batch', 'ach batch failure', 'ach batch failure', 'ach api timeout', 'ach batch failure', 'ach batch failure', 'ach batch failure', 'ach batch failure', 'ach batch failure', 'ach batch failure', 'ach api timeout', 'ach batch failure']",Batch / Failure / File
45,"['route number validation', 'invalid route number', 'invalid route number', 'route number validation', 'invalid route number', 'route number validation', 'invalid route number', 'invalid route number', 'invalid route number', 'invalid route number', 'invalid route number', 'invalid route number', 'route number validation', 'invalid route number', 'invalid route number', 'invalid route number', 'invalid route number', 'invalid route number', 'invalid route number', 'invalid ach routing', 'invalid route number', 'route number validation', 'invalid route number', 'invalid route number', 'invalid route number', 'invalid ach routing', 'invalid ach routing', 'invalid route number', 'invalid route number']",Route / Number / Invalid
46,"['los database performance', 'los connectivity failure', 'los database performance', 'los server performance', 'los integration failure', 'los database performance', 'los query performance', 'los query performance', 'los performance degradation']",Performance / Database / Failure
47,"['font size display', 'font size display', 'font size display', 'font size render', 'font size display', 'font size render', 'font size display', 'font size display', 'font size display', 'font size readability', 'font size display', 'font size render', 'font size readability', 'font size render', 'font size display', 'font size display', 'font size display', 'font size display', 'font size readability', 'font size readability', 'small font size', 'font size display', 'font size render', 'font size display', 'font size display', 'font size readability', 'font size render', 'font size display', 'font size display', 'font size readability', 'font size display']",Font / Size / Display
48,"['authsvc login failure', 'transaction datum lock', 'authsvc login failure', 'authserv login failure', 'authservice login failure', 'authsvc login failure', 'authservice login failure', 'authsvc login failure', 'authsvc latency issue', 'authserv login failure', 'authsvc login failure']",Login / Failure / Authsvc
49,"['firewall log volume', 'audit log capacity', 'firewall log overflow', 'audit log storage', 'audit log purge', 'log file growth', 'audit log purging', 'audit log retention', 'firewall log growth', 'audit log capacity', 'audit log retention', 'log retention failure', 'log retention violation']",Audit / Retention / Firewall
50,"['okta connection failure', 'authentication service latency', 'authentication service timeout', 'ad authentication failure', 'authentication service failure', 'authentication service failure', 'authentication server timeout', 'data synchronization error', 'authentication server failure', 'authentication service failure', 'fraudguard api failure', 'data center cool', 'authentication service failure', 'authentication service failure', 'authentication service failure', 'authentication service failure', 'authentication service failure', 'authentication service failure', 'authentication service failure', 'authentication service failure', 'authentication service failure', 'data synchronization error', 'authentication service failure', 'authentication service failure']",Authentication / Failure / Service
51,"['core banking slowdown', 'core router failure', 'core banking restart', 'core banking restart', 'core banking diskspace', 'core banking upgrade']",Core / Banking / Restart
52,"['statement font size', 'statement font inconsistency', 'statement font size', 'statement date format', 'statement font display', 'statement font size', 'statement font size', 'statement font display', 'statement font display', 'statement text alignment', 'statement font distortion', 'statement font size']",Statement / Font / Size
53,"['statement datum discrepancy', 'statement generation delay', 'statement generation delay', 'statement generation failure', 'statement download failure', 'statement generation timeout', 'statement generation delay', 'statement generation delay', 'statement generation delay', 'statement generation delay', 'statement archive failure', 'statement generation delay']",Statement / Generation / Delay
54,"['payee alignment', 'payee button alignment', 'payee alignment', 'payee button alignment', 'payee font', 'payee button alignment', 'payee alignment']",Payee / Alignment / Button
55,"['replication lag', 'database lock contention', 'database replication lag', 'database query latency', 'database backup failure', 'database connection error', 'database disk space']",Database / Replication / Lock
56,"['database query performance', 'database query performance', 'database query latency', 'database query latency', 'database query performance', 'database query latency', 'database query performance', 'database query performance', 'database replication lag', 'database query performance', 'database query performance', 'database query performance', 'database query timeout']",Database / Query / Performance
57,"['ssl certificate renewal', 'smtp server delay', 'ssl certificate expiry', 'smtp connection delay', 'sftp file transfer', 'smtp queue length', 'smtp connection timeout', 'smtp connection timeout', 'ssl certificate expiry', 'smtp connection timeout', 'sftp connection failure', 'smtp server failure', 'smtp connection failure', 'sftp connection failure']",Smtp / Connection / Failure
58,"['voip quality', 'voip quality degradation', 'avaya aura static', 'voip quality', 'voip audio quality', 'voip quality']",Voip / Quality / Degradation
59,"['false positive alert', 'false positive block', 'false positive alert', 'false positive alert', 'false positive fraud', 'false positive fraud']",False / Positive / Alert
60,"['file server cpu', 'dim file upload', 'file server capacity', 'network printer offline', 'file server capacity', 'splunk disk capacity', 'file server capacity', 'file server capacity', 'file server cpu', 'file server capacity']",File / Server / Capacity
61,"['cpu utilization spike', 'server cpu spike', 'server room overheat', 'server memory leak', 'server cpu spike', 'cpu utilization spike', 'server cpu spike', 'cpu utilization spike', 'cpu utilization spike', 'server cpu spike', 'cpu utilization spike', 'cpu utilization spike', 'cpu utilization spike', 'cpu utilization spike', 'server disk space', 'cpu utilization spike']",Spike / Utilization / Server
62,"['online login failure', 'horizon login failure', 'online login failure', 'login failure error', 'fail login attempt', 'login failure rate', 'fail login attempt', 'olb login failure', 'login failure rate', 'login failure impact', 'athena login failure', 'online login failure', 'password reset failure', 'online login failure', 'login failure spike', 'login failure error', 'online login failure', 'fail login attempt', 'mfa login failure', 'mfa login failure', 'online banking font', 'mfa login failure', 'duo security failure', 'fail login attempt', 'duo security failure', 'duo mfa failure']",Login / Failure / Online
63,"['email notification delay', 'email delivery latency', 'email delivery failure', 'email notification delay', 'email delivery delay', 'email delivery delay', 'email delivery delay', 'email delivery failure', 'email delivery delay', 'email delivery delay', 'email delivery delay', 'email delivery failure', 'email delivery failure']",Email / Delivery / Delay
64,"['wan link performance', 'wan link latency', 'wan link degradation', 'wan link packet loss', 'wan link degradation', 'wan link latency', 'wan link degradation']",Link / Degradation / Latency
65,"['webdirect login failure', 'web server log', 'webdirect login failure', 'web server log', 'web server log']",Server / Webdirect / Login
66,"['web login failure', 'chrome head distortion', 'chrome login failure', 'chrome login failure', 'chrome login failure', 'chrome login failure', 'chrome login failure', 'chrome login failure', 'chrome login failure', 'chrome login failure', 'chrome login failure', 'chrome login failure', 'chrome login failure', 'chrome login failure', 'chrome login failure', 'chrome login failure']",Login / Failure / Chrome
67,"['salesforce api timeout', 'swift message validation', 'system performance degradation', 'api rate limiting', 'pvsm payment delay', 'push notification failure', 'api performance degradation', 'salesforce datum sync', 'swift message validation', 'ths api timeout', 'api connection timeout', 'alert email failure', 'experian api failure', 'api payment delay', 'api response delay', 'api payment delay', 'api performance degradation', 'api payment delay', 'experian api failure', 'api response delay', 'push notification failure', 'api payment delay', 'api bad request', 'api payment delay', 'api performance degradation', 'api payment delay', 'api performance degradation', 'api performance degradation', 'api response delay', 'api response delay', 'api performance degradation', 'api payment delay', 'api response delay', 'api response delay', 'api payment delay', 'api payment delay', 'api payment delay', 'api response delay', 'cif api performance', 'api response delay']",Delay / Payment / Performance
68,"['cadb query performance', 'cis query performance', 'cis query performance', 'cif database performance', 'cis query performance', 'cis performance degradation', 'cif query performance', 'cis query timeout', 'cis query performance', 'cis query performance', 'cis query performance', 'cis query performance']",Performance / Query / Cadb
69,"['cbs performance degradation', 'dtr generation failure', 'cbs database performance', 'cbs database performance', 'cbs performance degradation', 'cdw report slowdown', 'ib transaction slowdown', 'cisco router failure', 'cbs database performance', 'cbs post restart check', 'cbs disk space', 'cbs disk space', 'cbs performance degradation', 'cbs performance degradation', 'cbs server overload', 'cbs performance degradation', 'dna performance degradation', 'cbs performance degradation', 'cbs cpu utilization', 'ibs performance degradation', 'cbs query latency', 'cbs performance latency', 'cbs shutdown failure', 'cbs shutdown failure', 'cbs performance degradation', 'cbs cpu utilization', 'cbs performance degradation', 'cbs backup failure', 'cbs cpu spike', 'cbs log growth', 'cbs disk space', 'cbs batch failure']",Performance / Degradation / Failure
70,"['font rendering error', 'font render discrepancy', 'font distortion issue', 'font size inconsistency', 'font size issue', 'font size issue', 'font size issue', 'font display distortion', 'font size issue', 'font size issue']",Font / Issue / Size
71,"['account summary api', 'account summary query', 'account summary alignment', 'account summary api', 'account summary api', 'account summary api', 'account summary api', 'account summary api', 'account summary api', 'dna account summary']",Account / Summary / Query
72,"['loan report generation', 'loan report performance', 'loan form display', 'credit score retrieval', 'loan database performance', 'credit bureau api', 'loan report failure', 'loan report failure', 'loan report timeout', 'loan processing delay', 'loan balance discrepancy', 'interest calculation failure', 'loan report generation', 'loan report generation', 'incorrect interest rate', 'loan report delay', 'interest calculation failure', 'interest calculation failure', 'loan report failure', 'loan report failure', 'loan server cpu']",Loan / Report / Failure
73,"['css styling error', 'css alignment error', 'css alignment issue', 'css alignment error', 'css styling misalignment']",Error / Alignment / Styling
74,"['firefox ui misalignment', 'firefox display misalignment', 'button alignment issue', 'button alignment issue', 'safari display alignment', 'button alignment issue', 'ui nickname alignment', 'safari display alignment', 'safari font distortion', 'ui nickname alignment', 'button alignment issue', 'safari button alignment', 'safari display misalignment', 'safari nickname alignment', 'safari display bug', 'safari ui alignment', 'safari font size']",Alignment / Safari / Display
75,"['etl pipeline failure', 'etl datum incompleteness', 'etl datum inaccuracy', 'etl process failure', 'etl job failure', 'etl process failure']",Failure / Datum / Process
76,"['crm datum sync', 'crm datum sync', 'crm query timeout', 'crm performance degradation', 'crm performance degradation', 'crm performance degradation', 'crm query performance', 'crm performance degradation', 'crm performance degradation', 'crm performance degradation', 'finacle query timeout', 'crm query timeout', 'crm report slowness']",Performance / Degradation / Query
77,"['incorrect account statement', 'account balance alignment', 'balance field misalignment', 'account balance discrepancy', 'account balance query', 'account balance alignment', 'account balance alignment', 'account balance alignment', 'account balance alignment']",Account / Balance / Alignment
78,"['balance label font', 'balance label misalignment', 'account balance font', 'account summary font', 'account summary font', 'account balance font', 'account summary font', 'account balance font', 'account detail font']",Font / Account / Balance
79,"['date format bug', 'report date format', 'excessive log volume', 'report datum discrepancy', 'date format error', 'report datum discrepancy', 'report datum integrity', 'report datum inaccuracy', 'report datum discrepancy', 'datum discrepancy', 'uk date format', 'report datum inaccuracy', 'report datum failure']",Report / Datum / Date
80,"['pdf nickname display', 'pdf statement alignment', 'wiki link error', 'pdf account truncation', 'pdf statement generation', 'pdf statement alignment', 'pdf statement format', 'pdf statement distortion', 'pdf font distortion', 'break link error', 'pdf statement distortion', 'break link error', 'pdf formatting error', 'pdf text alignment', 'pdf font display']",Statement / Error / Alignment
