keyphrase,cluster_id,document_id
authsvc login failure,48,6889ba7ca4f4718f70978ff5
atm card reader failure,6,6889ba7ea4f4718f70978ff6
ach payroll failure,39,6889ba7ea4f4718f70978ff7
fraudulent login attempt,20,6889ba7ea4f4718f70978ff8
branch network outage,3,6889ba7ea4f4718f70978ff9
android app crash,1,6889ba7ea4f4718f70978ffa
loan report generation,72,6889ba7ea4f4718f70978ffb
exchange online outage,11,6889ba7ea4f4718f70978ffc
css styling error,73,6889ba7fa4f4718f70978ffd
firewall log volume,49,6889ba7fa4f4718f70978ffe
ldap query latency,42,6889bab4a4f4718f70978fff
atm card retention,4,6889bab4a4f4718f70979000
ach payroll failure,39,6889bab4a4f4718f70979001
core banking slowdown,51,6889bab4a4f4718f70979002
suspicious login activity,9,6889bab4a4f4718f70979003
branch network outage,3,6889bab4a4f4718f70979004
salesforce api timeout,67,6889bab4a4f4718f70979005
report generation delay,33,6889bab4a4f4718f70979006
mobile app alignment,26,6889bab4a4f4718f70979007
audit log capacity,49,6889bab4a4f4718f70979008
web login failure,66,6889bae7a4f4718f70979009
atm card reader failure,6,6889bae7a4f4718f7097900a
fail ach payroll,39,6889bae7a4f4718f7097900b
suspicious login attempt,-1,6889bae7a4f4718f7097900c
branch network outage,3,6889bae7a4f4718f7097900d
loan report performance,72,6889bae7a4f4718f7097900e
android app crash,1,6889bae8a4f4718f7097900f
swift message validation,67,6889bae8a4f4718f70979010
system performance degradation,67,6889bae8a4f4718f70979011
pdf nickname display,80,6889bae8a4f4718f70979012
okta connection failure,50,6889bb16a4f4718f70979013
atm card reader failure,6,6889bb16a4f4718f70979014
ach payment failure,37,6889bb16a4f4718f70979015
suspicious login attempt,21,6889bb16a4f4718f70979016
database performance degradation,40,6889bb16a4f4718f70979017
mpls circuit latency,24,6889bb16a4f4718f70979018
mobile balance discrepancy,25,6889bb16a4f4718f70979019
report generation failure,14,6889bb16a4f4718f7097901a
api rate limiting,67,6889bb16a4f4718f7097901b
firefox font rendering,-1,6889bb16a4f4718f7097901c
duo authentication failure,-1,6889bb5ba4f4718f7097901d
atm card reader failure,6,6889bb5ba4f4718f7097901e
pvsm payment delay,67,6889bb5ba4f4718f7097901f
brute force attack,17,6889bb5ba4f4718f70979020
branch network latency,23,6889bb5ba4f4718f70979021
report generation delay,33,6889bb5ba4f4718f70979022
android app crash,1,6889bb5ca4f4718f70979023
cpu utilization spike,61,6889bb5ca4f4718f70979024
statement datum discrepancy,53,6889bb5ca4f4718f70979025
font rendering error,70,6889bb5ca4f4718f70979026
online login failure,62,6889bb9ba4f4718f70979027
ncr card reader failure,6,6889bb9ba4f4718f70979028
ach batch failure,44,6889bb9ba4f4718f70979029
cbs performance degradation,69,6889bb9ba4f4718f7097902a
brute force attack,17,6889bb9ca4f4718f7097902b
branch network outage,3,6889bb9ca4f4718f7097902c
push notification failure,67,6889bb9ca4f4718f7097902d
replication lag,55,6889bb9ca4f4718f7097902e
incorrect account statement,77,6889bb9ca4f4718f7097902f
firefox ui misalignment,74,6889bb9ca4f4718f70979030
horizon login failure,62,6889bbdea4f4718f70979031
atm card reader,6,6889bbdea4f4718f70979032
ach transfer failure,37,6889bbdfa4f4718f70979033
brute force attack,17,6889bbdfa4f4718f70979034
account summary api,71,6889bbdfa4f4718f70979035
branch network outage,3,6889bbdfa4f4718f70979036
billpay module crash,10,6889bbdfa4f4718f70979037
dwh connection failure,-1,6889bbdfa4f4718f70979038
voip quality,58,6889bbdfa4f4718f70979039
account nickname truncation,18,6889bbdfa4f4718f7097903a
webdirect login failure,65,6889bc1ea4f4718f7097903b
atm cash dispenser,7,6889bc1ea4f4718f7097903c
ach routing number,43,6889bc1ea4f4718f7097903d
database performance degradation,40,6889bc1ea4f4718f7097903e
suspicious login attempt,21,6889bc1ea4f4718f7097903f
branch network outage,3,6889bc1ea4f4718f70979040
mobile balance discrepancy,25,6889bc1ea4f4718f70979041
dtr generation failure,69,6889bc1ea4f4718f70979042
exchange online delay,11,6889bc1fa4f4718f70979043
chrome head distortion,66,6889bc1fa4f4718f70979044
online login failure,62,6889bc63a4f4718f70979045
atm deposit failure,-1,6889bc63a4f4718f70979046
ach payroll failure,39,6889bc64a4f4718f70979047
api performance degradation,67,6889bc64a4f4718f70979048
brute force attack,17,6889bc64a4f4718f70979049
branch network outage,3,6889bc64a4f4718f7097904a
mobile app crash,26,6889bc64a4f4718f7097904b
salesforce datum sync,67,6889bc64a4f4718f7097904c
transaction datum lock,48,6889bc64a4f4718f7097904d
date format bug,79,6889bc64a4f4718f7097904e
authsvc login failure,48,6889bca2a4f4718f7097904f
atm cash jam,7,6889bca2a4f4718f70979050
ach payment delay,16,6889bca3a4f4718f70979051
credential stuffing attack,29,6889bca3a4f4718f70979052
database performance degradation,40,6889bca3a4f4718f70979053
branch network latency,23,6889bca3a4f4718f70979054
android app crash,1,6889bca3a4f4718f70979055
report server failure,14,6889bca3a4f4718f70979056
swift message validation,67,6889bca3a4f4718f70979057
loan form display,72,6889bca3a4f4718f70979058
authserv login failure,48,6889bcc8a4f4718f70979059
atm card reader failure,6,6889bcc9a4f4718f7097905a
duplicate ach payment,38,6889bcc9a4f4718f7097905b
brute force attack,17,6889bcc9a4f4718f7097905c
branch network latency,23,6889bcc9a4f4718f7097905d
crm datum sync,76,6889bcc9a4f4718f7097905e
mobile app crash,26,6889bcc9a4f4718f7097905f
slow report generation,28,6889bcc9a4f4718f70979060
ssl certificate renewal,57,6889bcc9a4f4718f70979061
pdf statement alignment,80,6889bcc9a4f4718f70979062
ldap authentication failure,42,6889bd02a4f4718f70979063
atm card reader failure,6,6889bd02a4f4718f70979064
duplicate ach payment,38,6889bd02a4f4718f70979065
suspicious login attempt,21,6889bd02a4f4718f70979066
branch network latency,23,6889bd02a4f4718f70979067
los database performance,46,6889bd02a4f4718f70979068
mobile app crash,26,6889bd02a4f4718f70979069
file server cpu,60,6889bd03a4f4718f7097906a
report date format,79,6889bd03a4f4718f7097906b
verbose logging issue,15,6889bd03a4f4718f7097906c
login failure error,62,6889bd25a4f4718f7097906d
atm card retention,4,6889bd26a4f4718f7097906e
ach payroll failure,39,6889bd26a4f4718f7097906f
suspicious login activity,9,6889bd26a4f4718f70979070
branch network outage,3,6889bd26a4f4718f70979071
statement generation delay,53,6889bd26a4f4718f70979072
mobile balance discrepancy,25,6889bd26a4f4718f70979073
server cpu spike,61,6889bd26a4f4718f70979074
payee alignment,54,6889bd27a4f4718f70979075
firewall log overflow,49,6889bd27a4f4718f70979076
fail login attempt,62,6889bd4ca4f4718f70979077
atm deposit failure,7,6889bd4ca4f4718f70979078
ach payment delay,16,6889bd4ca4f4718f70979079
batch job failure,15,6889bd4ca4f4718f7097907a
credential stuffing attempt,29,6889bd4ca4f4718f7097907b
branch network outage,3,6889bd4ca4f4718f7097907c
mobile app crash,26,6889bd4da4f4718f7097907d
report generation delay,33,6889bd4da4f4718f7097907e
account nickname truncation,18,6889bd4da4f4718f7097907f
credit score retrieval,72,6889bd4da4f4718f70979080
authservice login failure,48,6889bd82a4f4718f70979081
atm card reader failure,6,6889bd83a4f4718f70979082
duplicate wire transfer,38,6889bd84a4f4718f70979083
batch job failure,15,6889bd84a4f4718f70979084
brute force attack,17,6889bd85a4f4718f70979085
branch network outage,3,6889bd86a4f4718f70979086
ios app crash,1,6889bd86a4f4718f70979087
report query performance,41,6889bd86a4f4718f70979088
bill pay alignment,10,6889bd87a4f4718f70979089
excessive log volume,79,6889bd87a4f4718f7097908a
authsvc login failure,48,6889bdb2a4f4718f7097908b
atm card reader failure,6,6889bdb2a4f4718f7097908c
ach batch delay,44,6889bdb3a4f4718f7097908d
brute force attack,17,6889bdb3a4f4718f7097908e
branch network outage,3,6889bdb4a4f4718f7097908f
slow query performance,28,6889bdb4a4f4718f70979090
false positive alert,59,6889bdb4a4f4718f70979091
ios transaction history,0,6889bdb5a4f4718f70979092
report datum discrepancy,79,6889bdb5a4f4718f70979093
server room overheat,61,6889bdb6a4f4718f70979094
login failure rate,62,6889be06a4f4718f70979095
atm card reader failure,6,6889be07a4f4718f70979096
ach batch failure,44,6889be07a4f4718f70979097
suspicious login attempt,21,6889be07a4f4718f70979098
branch network outage,3,6889be08a4f4718f70979099
query performance degradation,41,6889be08a4f4718f7097909a
ios app crash,1,6889be08a4f4718f7097909b
report generation failure,14,6889be09a4f4718f7097909c
smtp server delay,57,6889be09a4f4718f7097909d
statement font size,52,6889be09a4f4718f7097909e
authentication service latency,50,6889be6fa4f4718f7097909f
atm card reader failure,6,6889be6fa4f4718f709790a0
ach payment delay,16,6889be6fa4f4718f709790a1
suspicious login attempt,21,6889be6fa4f4718f709790a2
branch network outage,3,6889be6fa4f4718f709790a3
ths api timeout,67,6889be6fa4f4718f709790a4
report generation delay,33,6889be6fa4f4718f709790a5
voip quality degradation,58,6889be70a4f4718f709790a6
dim file upload,60,6889be70a4f4718f709790a7
firefox display misalignment,74,6889be70a4f4718f709790a8
authservice login failure,48,6889bea5a4f4718f709790a9
atm cassette jam,6,6889bea5a4f4718f709790aa
duplicate ach payment,38,6889bea5a4f4718f709790ab
suspicious login activity,9,6889bea5a4f4718f709790ac
database performance degradation,40,6889bea5a4f4718f709790ad
branch network outage,3,6889bea5a4f4718f709790ae
ios app crash,1,6889bea5a4f4718f709790af
etl pipeline failure,75,6889bea5a4f4718f709790b0
avaya aura static,58,6889bea6a4f4718f709790b1
font size display,47,6889bea6a4f4718f709790b2
ldap server latency,42,6889bee1a4f4718f709790b3
atm card reader failure,6,6889bee1a4f4718f709790b4
nacha connectivity failure,38,6889bee1a4f4718f709790b5
fail login attempt,62,6889bee1a4f4718f709790b6
branch network outage,3,6889bee1a4f4718f709790b7
slow query performance,28,6889bee1a4f4718f709790b8
android app crash,1,6889bee1a4f4718f709790b9
los connectivity failure,46,6889bee1a4f4718f709790ba
voip quality,58,6889bee1a4f4718f709790bb
label misalignment,-1,6889bee2a4f4718f709790bc
ldap connection timeout,42,6889bf18a4f4718f709790bd
atm cash dispense,8,6889bf18a4f4718f709790be
ach payment delay,16,6889bf18a4f4718f709790bf
database lock contention,55,6889bf18a4f4718f709790c0
suspicious login activity,9,6889bf18a4f4718f709790c1
core router failure,51,6889bf19a4f4718f709790c2
bill payment failure,10,6889bf19a4f4718f709790c3
sql query timeout,32,6889bf19a4f4718f709790c4
wiki link error,80,6889bf19a4f4718f709790c5
outlook signature display,12,6889bf19a4f4718f709790c6
ldap connection timeout,42,6889bf58a4f4718f709790c7
atm card retention,4,6889bf58a4f4718f709790c8
ach payment delay,16,6889bf59a4f4718f709790c9
suspicious login activity,9,6889bf59a4f4718f709790ca
mpls circuit failure,24,6889bf59a4f4718f709790cb
los database performance,46,6889bf59a4f4718f709790cc
ios app crash,1,6889bf59a4f4718f709790cd
exchange server outage,12,6889bf5aa4f4718f709790ce
etl datum incompleteness,75,6889bf5aa4f4718f709790cf
account nickname truncation,18,6889bf5aa4f4718f709790d0
authsvc login failure,48,6889bfbda4f4718f709790d1
atm card reader failure,6,6889bfbda4f4718f709790d2
ach route validation,43,6889bfbda4f4718f709790d3
suspicious login attempt,21,6889bfbda4f4718f709790d4
branch network outage,3,6889bfbea4f4718f709790d5
cbs database performance,69,6889bfbea4f4718f709790d6
ios app crash,1,6889bfbea4f4718f709790d7
report generation failure,14,6889bfbea4f4718f709790d8
file server capacity,60,6889bfbea4f4718f709790d9
account nickname font,22,6889bfbea4f4718f709790da
olb login failure,62,6889c016a4f4718f709790db
atm card reader failure,6,6889c016a4f4718f709790dc
ach payroll failure,39,6889c016a4f4718f709790dd
suspicious login activity,9,6889c016a4f4718f709790de
cbs database performance,69,6889c016a4f4718f709790df
branch network outage,3,6889c016a4f4718f709790e0
mobile app crash,26,6889c016a4f4718f709790e1
etl datum inaccuracy,75,6889c017a4f4718f709790e2
los server performance,46,6889c017a4f4718f709790e3
payee button alignment,54,6889c017a4f4718f709790e4
login failure rate,62,6889c04ca4f4718f709790e5
atm card reader failure,6,6889c04ca4f4718f709790e6
ach payment delay,16,6889c04da4f4718f709790e7
suspicious login attempt,21,6889c04da4f4718f709790e8
branch network latency,23,6889c04da4f4718f709790e9
database query performance,56,6889c04da4f4718f709790ea
android app crash,1,6889c04da4f4718f709790eb
report generation failure,14,6889c04ea4f4718f709790ec
date format error,79,6889c04ea4f4718f709790ed
web server log,65,6889c04ea4f4718f709790ee
ldap connection timeout,42,6889c09aa4f4718f709790ef
atm card reader failure,6,6889c09aa4f4718f709790f0
ach batch failure,44,6889c09aa4f4718f709790f1
credential stuffing attack,29,6889c09aa4f4718f709790f2
database performance degradation,40,6889c09aa4f4718f709790f3
branch network outage,3,6889c09aa4f4718f709790f4
bill payment failure,10,6889c09aa4f4718f709790f5
regulatory reporting failure,33,6889c09ba4f4718f709790f6
statement generation delay,53,6889c09ba4f4718f709790f7
account balance alignment,77,6889c09ba4f4718f709790f8
webdirect login failure,65,6889c0cda4f4718f709790f9
atm card reader failure,6,6889c0cda4f4718f709790fa
ach payroll failure,39,6889c0cda4f4718f709790fb
suspicious login activity,9,6889c0cda4f4718f709790fc
account summary query,71,6889c0cda4f4718f709790fd
branch network outage,3,6889c0cda4f4718f709790fe
android app crash,1,6889c0cda4f4718f709790ff
audit log storage,49,6889c0cea4f4718f70979100
server memory leak,61,6889c0cea4f4718f70979101
pdf account truncation,80,6889c0cea4f4718f70979102
login failure impact,62,6889c0fda4f4718f70979103
atm cash dispense,8,6889c0fda4f4718f70979104
duplicate wire transfer,38,6889c0fda4f4718f70979105
database performance degradation,40,6889c0fda4f4718f70979106
suspicious login attempt,21,6889c0fda4f4718f70979107
branch network outage,3,6889c0fea4f4718f70979108
ios app crash,1,6889c0fea4f4718f70979109
report generation failure,14,6889c0fea4f4718f7097910a
los integration failure,46,6889c0fea4f4718f7097910b
balance field misalignment,77,6889c0fea4f4718f7097910c
ldap connection timeout,42,6889c14da4f4718f7097910d
atm card retention,4,6889c14da4f4718f7097910e
ach payroll delay,39,6889c14da4f4718f7097910f
suspicious login attempt,-1,6889c14da4f4718f70979110
loan database performance,72,6889c14da4f4718f70979111
branch network outage,3,6889c14ea4f4718f70979112
android app crash,1,6889c14ea4f4718f70979113
report server failure,14,6889c14ea4f4718f70979114
duplicate debit transaction,38,6889c14ea4f4718f70979115
account nickname truncation,18,6889c14ea4f4718f70979116
authentication service timeout,50,6889c172a4f4718f70979117
atm card retention,4,6889c172a4f4718f70979118
ach file rejection,44,6889c173a4f4718f70979119
database replication lag,55,6889c173a4f4718f7097911a
suspicious login activity,9,6889c173a4f4718f7097911b
branch network outage,3,6889c173a4f4718f7097911c
ios app crash,1,6889c173a4f4718f7097911d
report generation failure,14,6889c173a4f4718f7097911e
network printer offline,60,6889c173a4f4718f7097911f
statement font inconsistency,52,6889c173a4f4718f70979120
ad authentication failure,50,6889c1d1a4f4718f70979121
atm card reader failure,6,6889c1d1a4f4718f70979122
duplicate wire transfer,38,6889c1d1a4f4718f70979123
suspicious login activity,9,6889c1d1a4f4718f70979124
database performance degradation,40,6889c1d1a4f4718f70979125
branch network outage,3,6889c1d1a4f4718f70979126
mobile bill pay failure,25,6889c1d1a4f4718f70979127
report datum discrepancy,79,6889c1d2a4f4718f70979128
exchange server outage,12,6889c1d2a4f4718f70979129
nickname display error,19,6889c1d2a4f4718f7097912a
athena login failure,62,6889c204a4f4718f7097912b
atm cash error,7,6889c205a4f4718f7097912c
ach batch failure,44,6889c205a4f4718f7097912d
brute force attack,17,6889c205a4f4718f7097912e
mpls circuit latency,24,6889c205a4f4718f7097912f
oracle query performance,35,6889c205a4f4718f70979130
ios app crash,1,6889c205a4f4718f70979131
statement generation failure,53,6889c205a4f4718f70979132
api connection timeout,67,6889c205a4f4718f70979133
balance label font,78,6889c206a4f4718f70979134
online login failure,62,6889c22ca4f4718f70979135
atm card reader failure,6,6889c22ca4f4718f70979136
ach file validation,44,6889c22ca4f4718f70979137
phishe email threat,27,6889c22ca4f4718f70979138
cadb query performance,68,6889c22ca4f4718f70979139
wan link performance,64,6889c22ca4f4718f7097913a
ios bill payment crash,0,6889c22ca4f4718f7097913b
batch job failure,15,6889c22ca4f4718f7097913c
password reset failure,62,6889c22ca4f4718f7097913d
button alignment issue,74,6889c22ca4f4718f7097913e
authentication service failure,50,6889c280a4f4718f7097913f
atm cash dispense,8,6889c280a4f4718f70979140
delay ach payment,16,6889c280a4f4718f70979141
brute force attack,17,6889c280a4f4718f70979142
branch network outage,3,6889c280a4f4718f70979143
sql server performance,35,6889c281a4f4718f70979144
mobile app crash,26,6889c281a4f4718f70979145
file server capacity,60,6889c281a4f4718f70979146
credit bureau api,72,6889c281a4f4718f70979147
font size display,47,6889c281a4f4718f70979148
authentication service failure,50,6889c2b4a4f4718f70979149
atm card reader failure,6,6889c2b4a4f4718f7097914a
delay ach payment,16,6889c2b4a4f4718f7097914b
brute force attack,17,6889c2b4a4f4718f7097914c
cbs performance degradation,69,6889c2b4a4f4718f7097914d
branch network outage,3,6889c2b4a4f4718f7097914e
android app crash,1,6889c2b4a4f4718f7097914f
pdf statement generation,80,6889c2b5a4f4718f70979150
alert email failure,67,6889c2b5a4f4718f70979151
payee alignment,54,6889c2b5a4f4718f70979152
authentication server timeout,50,6889c2e5a4f4718f70979153
atm card reader failure,6,6889c2e5a4f4718f70979154
ach batch failure,44,6889c2e5a4f4718f70979155
phishe email detection,27,6889c2e5a4f4718f70979156
database query performance,56,6889c2e5a4f4718f70979157
mpls connection drop,24,6889c2e5a4f4718f70979158
ios app crash,1,6889c2e5a4f4718f70979159
report datum integrity,79,6889c2e5a4f4718f7097915a
receipt printer error,31,6889c2e5a4f4718f7097915b
font render discrepancy,70,6889c2e5a4f4718f7097915c
ldap connection timeout,42,6889c309a4f4718f7097915d
atm card retention,4,6889c309a4f4718f7097915e
ach payment delay,16,6889c309a4f4718f7097915f
fraudulent wire transfer,13,6889c309a4f4718f70979160
branch network latency,23,6889c30aa4f4718f70979161
cdw report slowdown,69,6889c30aa4f4718f70979162
mobile app crash,26,6889c30aa4f4718f70979163
email notification delay,63,6889c30aa4f4718f70979164
false positive block,59,6889c30aa4f4718f70979165
pdf statement alignment,80,6889c30aa4f4718f70979166
online login failure,62,6889c32ea4f4718f70979167
atm card reader,6,6889c32ea4f4718f70979168
ach payment failure,37,6889c32fa4f4718f70979169
fraudulent wire transfer,13,6889c32fa4f4718f7097916a
branch network outage,3,6889c32fa4f4718f7097916b
database query latency,55,6889c32fa4f4718f7097916c
account balance discrepancy,77,6889c32fa4f4718f7097916d
exchange server outage,12,6889c32fa4f4718f7097916e
bill pay alignment,10,6889c32fa4f4718f7097916f
splunk disk capacity,60,6889c32fa4f4718f70979170
login failure spike,62,6889c364a4f4718f70979171
atm cash dispense,8,6889c364a4f4718f70979172
ach payment delay,16,6889c364a4f4718f70979173
oracle database performance,35,6889c365a4f4718f70979174
suspicious login activity,9,6889c365a4f4718f70979175
branch network outage,3,6889c365a4f4718f70979176
mobile app delay,26,6889c365a4f4718f70979177
loan report failure,72,6889c365a4f4718f70979178
exchange server outage,12,6889c365a4f4718f70979179
font distortion issue,70,6889c365a4f4718f7097917a
authsvc latency issue,48,6889c3bba4f4718f7097917b
atm card reader failure,6,6889c3bba4f4718f7097917c
ach payment failure,37,6889c3bba4f4718f7097917d
suspicious login activity,9,6889c3bba4f4718f7097917e
ib transaction slowdown,69,6889c3bca4f4718f7097917f
branch network outage,3,6889c3bca4f4718f70979180
data synchronization error,50,6889c3bca4f4718f70979181
database backup failure,55,6889c3bca4f4718f70979182
pdf statement format,80,6889c3bca4f4718f70979183
account nickname font,22,6889c3bca4f4718f70979184
authserv login failure,48,6889c424a4f4718f70979185
atm cash dispense failure,8,6889c425a4f4718f70979186
nacha file error,38,6889c425a4f4718f70979187
brute force attack,17,6889c425a4f4718f70979188
dna batch processing,44,6889c425a4f4718f70979189
cisco router failure,69,6889c425a4f4718f7097918a
ios app crash,1,6889c425a4f4718f7097918b
crm datum sync,76,6889c426a4f4718f7097918c
report generation failure,14,6889c426a4f4718f7097918d
button alignment issue,74,6889c426a4f4718f7097918e
authsvc login failure,48,6889c48da4f4718f7097918f
atm chip reader,6,6889c48da4f4718f70979190
ach batch failure,44,6889c48ea4f4718f70979191
credential stuffing attack,29,6889c48ea4f4718f70979192
database performance degradation,40,6889c48ea4f4718f70979193
branch network outage,3,6889c48ea4f4718f70979194
ios app crash,1,6889c48ea4f4718f70979195
loan report failure,72,6889c48ea4f4718f70979196
account nickname truncation,18,6889c48ea4f4718f70979197
web server log,65,6889c48ea4f4718f70979198
login failure error,62,6889c4fda4f4718f70979199
atm card reader failure,6,6889c4fda4f4718f7097919a
ach payroll failure,39,6889c4fea4f4718f7097919b
suspicious login attempt,21,6889c4fea4f4718f7097919c
database query latency,56,6889c4fea4f4718f7097919d
branch network outage,3,6889c4fea4f4718f7097919e
ios crash report,1,6889c4fea4f4718f7097919f
report datum inaccuracy,79,6889c4fea4f4718f709791a0
voip audio quality,58,6889c4fea4f4718f709791a1
balance label misalignment,78,6889c4fea4f4718f709791a2
authentication server failure,50,6889c57aa4f4718f709791a3
atm card reader failure,6,6889c57aa4f4718f709791a4
ach payment failure,37,6889c57aa4f4718f709791a5
suspicious login activity,9,6889c57aa4f4718f709791a6
branch network outage,3,6889c57aa4f4718f709791a7
database performance degradation,40,6889c57aa4f4718f709791a8
mobile app crash,26,6889c57aa4f4718f709791a9
report generation failure,14,6889c57ba4f4718f709791aa
file server capacity,60,6889c57ba4f4718f709791ab
account balance font,78,6889c57ba4f4718f709791ac
online login failure,62,6889c5e2a4f4718f709791ad
atm card reader failure,6,6889c5e2a4f4718f709791ae
ach settlement rejection,37,6889c5e2a4f4718f709791af
suspicious login activity,9,6889c5e2a4f4718f709791b0
branch network outage,3,6889c5e2a4f4718f709791b1
report generation delay,33,6889c5e2a4f4718f709791b2
ios app crash,1,6889c5e3a4f4718f709791b3
ssl certificate expiry,57,6889c5e3a4f4718f709791b4
voip quality,58,6889c5e3a4f4718f709791b5
account summary alignment,71,6889c5e3a4f4718f709791b6
ob login failure,5,6889c642a4f4718f709791b7
atm cash error,7,6889c642a4f4718f709791b8
ach payroll failure,39,6889c642a4f4718f709791b9
phishe email spike,27,6889c643a4f4718f709791ba
cbs database performance,69,6889c643a4f4718f709791bb
branch network outage,2,6889c643a4f4718f709791bc
statement download failure,53,6889c643a4f4718f709791bd
experian api failure,67,6889c643a4f4718f709791be
teller app freeze,34,6889c643a4f4718f709791bf
fail login attempt,62,6889c643a4f4718f709791c0
obas login failure,5,688b6b19f1207068bf7d70c1
atm card reader failure,6,688b6b19f1207068bf7d70c2
ach payment delay,16,688b6b19f1207068bf7d70c3
unusual login attempt,-1,688b6b19f1207068bf7d70c4
branch network downtime,2,688b6b1af1207068bf7d70c5
statement generation timeout,53,688b6b1af1207068bf7d70c6
ios app crash,1,688b6b1af1207068bf7d70c7
batch job failure,15,688b6b1af1207068bf7d70c8
teller printer offline,34,688b6b1af1207068bf7d70c9
payee button alignment,54,688b6b1af1207068bf7d70ca
chrome login failure,66,688b6b43f1207068bf7d70cb
atm card reader failure,6,688b6b44f1207068bf7d70cc
ach payment delay,16,688b6b44f1207068bf7d70cd
fraudulent transaction alert,13,688b6b44f1207068bf7d70ce
branch network downtime,2,688b6b44f1207068bf7d70cf
report query timeout,41,688b6b44f1207068bf7d70d0
ios app crash,1,688b6b44f1207068bf7d70d1
exchange server outage,12,688b6b44f1207068bf7d70d2
audit log purge,49,688b6b45f1207068bf7d70d3
pdf statement distortion,80,688b6b45f1207068bf7d70d4
obas login failure,5,688b6b70f1207068bf7d70d5
atm card reader failure,6,688b6b70f1207068bf7d70d6
fedline connection error,14,688b6b70f1207068bf7d70d7
fraudulent transaction alert,13,688b6b70f1207068bf7d70d8
branch network outage,3,688b6b70f1207068bf7d70d9
crm query timeout,76,688b6b70f1207068bf7d70da
ios app crash,1,688b6b70f1207068bf7d70db
exchange server outage,12,688b6b70f1207068bf7d70dc
report generation failure,14,688b6b70f1207068bf7d70dd
bill pay alignment,10,688b6b70f1207068bf7d70de
chrome login failure,66,688b6b9df1207068bf7d70df
atm card retention,4,688b6b9df1207068bf7d70e0
ach payment delay,16,688b6b9df1207068bf7d70e1
suspicious login activity,9,688b6b9df1207068bf7d70e2
branch network downtime,2,688b6b9df1207068bf7d70e3
ios app crash,1,688b6b9ef1207068bf7d70e4
slow query performance,28,688b6b9ef1207068bf7d70e5
report generation timeout,33,688b6b9ef1207068bf7d70e6
safari display alignment,74,688b6b9ef1207068bf7d70e7
server cpu spike,61,688b6b9ef1207068bf7d70e8
obas login failure,5,688b6bcaf1207068bf7d70e9
atm card retention,4,688b6bcaf1207068bf7d70ea
ach payment delay,16,688b6bcaf1207068bf7d70eb
suspicious login activity,9,688b6bcaf1207068bf7d70ec
wan link latency,64,688b6bcaf1207068bf7d70ed
report generation delay,33,688b6bcaf1207068bf7d70ee
ios app crash,1,688b6bcbf1207068bf7d70ef
batch job failure,15,688b6bcbf1207068bf7d70f0
receipt printer failure,31,688b6bcbf1207068bf7d70f1
font size display,47,688b6bcbf1207068bf7d70f2
chrome login failure,66,688b6bf4f1207068bf7d70f3
atm card retention,4,688b6bf4f1207068bf7d70f4
ach payment delay,16,688b6bf4f1207068bf7d70f5
suspicious login activity,9,688b6bf5f1207068bf7d70f6
branch network outage,3,688b6bf5f1207068bf7d70f7
crm performance degradation,76,688b6bf5f1207068bf7d70f8
ios app crash,1,688b6bf5f1207068bf7d70f9
exchange server downtime,12,688b6bf5f1207068bf7d70fa
reconciliation report failure,14,688b6bf5f1207068bf7d70fb
button alignment issue,74,688b6bf6f1207068bf7d70fc
mfa login failure,62,688b6c22f1207068bf7d70fd
atm card reader failure,6,688b6c22f1207068bf7d70fe
ach payment delay,16,688b6c22f1207068bf7d70ff
account summary api,71,688b6c22f1207068bf7d7100
suspicious login activity,9,688b6c22f1207068bf7d7101
branch router cpu,23,688b6c22f1207068bf7d7102
ios app crash,1,688b6c22f1207068bf7d7103
cbs post restart check,69,688b6c22f1207068bf7d7104
report generation failure,14,688b6c22f1207068bf7d7105
account nickname font,22,688b6c23f1207068bf7d7106
obas login failure,5,688b6c49f1207068bf7d7107
atm card reader failure,6,688b6c49f1207068bf7d7108
ach payment delay,16,688b6c49f1207068bf7d7109
fraudulent login attempt,20,688b6c49f1207068bf7d710a
wan link degradation,64,688b6c4af1207068bf7d710b
snowflake query timeout,30,688b6c4af1207068bf7d710c
ios app crash,1,688b6c4af1207068bf7d710d
exchange server performance,12,688b6c4af1207068bf7d710e
false positive alert,59,688b6c4af1207068bf7d710f
ui nickname alignment,74,688b6c4af1207068bf7d7110
chrome login failure,66,688b6c73f1207068bf7d7111
atm card retention,4,688b6c73f1207068bf7d7112
api payment delay,67,688b6c73f1207068bf7d7113
suspicious login activity,9,688b6c73f1207068bf7d7114
branch network latency,23,688b6c73f1207068bf7d7115
report generation delay,33,688b6c73f1207068bf7d7116
ios app crash,1,688b6c73f1207068bf7d7117
cpu utilization spike,61,688b6c73f1207068bf7d7118
phishe email threat,27,688b6c74f1207068bf7d7119
account nickname truncation,18,688b6c74f1207068bf7d711a
obas login failure,5,688b6c9ff1207068bf7d711b
atm card reader failure,6,688b6c9ff1207068bf7d711c
route number validation,45,688b6c9ff1207068bf7d711d
suspicious login activity,9,688b6c9ff1207068bf7d711e
branch network outage,3,688b6c9ff1207068bf7d711f
sql query timeout,32,688b6c9ff1207068bf7d7120
ios app crash,1,688b6c9ff1207068bf7d7121
exchange server outage,12,688b6c9ff1207068bf7d7122
report generation timeout,33,688b6c9ff1207068bf7d7123
font size render,47,688b6c9ff1207068bf7d7124
ldap login failure,42,688b6cccf1207068bf7d7125
atm card reader failure,6,688b6cccf1207068bf7d7126
invalid route number,45,688b6cccf1207068bf7d7127
brute force attack,17,688b6cccf1207068bf7d7128
branch network latency,23,688b6cccf1207068bf7d7129
api response delay,67,688b6cccf1207068bf7d712a
ios transaction crash,0,688b6cccf1207068bf7d712b
database connection timeout,-1,688b6cccf1207068bf7d712c
datum integration discrepancy,-1,688b6cccf1207068bf7d712d
account nickname font,22,688b6cccf1207068bf7d712e
obas login failure,5,688b6cf5f1207068bf7d712f
atm card retention,4,688b6cf5f1207068bf7d7130
ach payment failure,37,688b6cf5f1207068bf7d7131
suspicious login activity,9,688b6cf5f1207068bf7d7132
mpls circuit latency,24,688b6cf5f1207068bf7d7133
report generation delay,33,688b6cf5f1207068bf7d7134
ios app crash,1,688b6cf5f1207068bf7d7135
batch job failure,15,688b6cf5f1207068bf7d7136
email delivery latency,63,688b6cf5f1207068bf7d7137
account nickname truncation,18,688b6cf5f1207068bf7d7138
obas login failure,5,688b6d20f1207068bf7d7139
atm card reader failure,6,688b6d20f1207068bf7d713a
ach routing error,43,688b6d21f1207068bf7d713b
suspicious login activity,9,688b6d21f1207068bf7d713c
branch network outage,3,688b6d21f1207068bf7d713d
database query latency,56,688b6d21f1207068bf7d713e
ios app crash,1,688b6d21f1207068bf7d713f
server cpu spike,61,688b6d21f1207068bf7d7140
report generation failure,14,688b6d21f1207068bf7d7141
pdf font distortion,80,688b6d21f1207068bf7d7142
authentication service failure,50,688b6d48f1207068bf7d7143
atm card reader failure,6,688b6d48f1207068bf7d7144
invalid route number,45,688b6d48f1207068bf7d7145
suspicious login activity,9,688b6d49f1207068bf7d7146
branch network outage,3,688b6d49f1207068bf7d7147
database query performance,56,688b6d49f1207068bf7d7148
mobile app crash,26,688b6d49f1207068bf7d7149
cbs disk space,69,688b6d49f1207068bf7d714a
report generation failure,14,688b6d49f1207068bf7d714b
font size display,47,688b6d4af1207068bf7d714c
obas login failure,5,688b6d73f1207068bf7d714d
atm card reader failure,6,688b6d73f1207068bf7d714e
route number validation,45,688b6d73f1207068bf7d714f
suspicious login activity,9,688b6d73f1207068bf7d7150
branch network outage,3,688b6d73f1207068bf7d7151
database query latency,56,688b6d73f1207068bf7d7152
ios app crash,1,688b6d73f1207068bf7d7153
report generation timeout,33,688b6d73f1207068bf7d7154
teller printer offline,34,688b6d73f1207068bf7d7155
font size inconsistency,70,688b6d73f1207068bf7d7156
obas login failure,5,688b6d9df1207068bf7d7157
atm card retention,4,688b6d9df1207068bf7d7158
ach payment delay,16,688b6d9df1207068bf7d7159
suspicious login attempt,21,688b6d9df1207068bf7d715a
branch network outage,3,688b6d9df1207068bf7d715b
sql query timeout,32,688b6d9df1207068bf7d715c
ios app crash,1,688b6d9df1207068bf7d715d
fraudguard api failure,50,688b6d9df1207068bf7d715e
cbs disk space,69,688b6d9df1207068bf7d715f
account nickname font,22,688b6d9df1207068bf7d7160
obas login failure,5,688b6dc7f1207068bf7d7161
atm card retention,4,688b6dc7f1207068bf7d7162
api payment delay,67,688b6dc7f1207068bf7d7163
fraudulent transfer attempt,13,688b6dc8f1207068bf7d7164
branch network downtime,2,688b6dc8f1207068bf7d7165
cis query performance,68,688b6dc8f1207068bf7d7166
mobile app crash,26,688b6dc8f1207068bf7d7167
exchange server outage,12,688b6dc8f1207068bf7d7168
report datum discrepancy,79,688b6dc8f1207068bf7d7169
log file growth,49,688b6dc9f1207068bf7d716a
ldap authentication failure,42,688b6df8f1207068bf7d716b
atm card reader failure,6,688b6df8f1207068bf7d716c
ach batch failure,44,688b6df8f1207068bf7d716d
suspicious login activity,9,688b6df9f1207068bf7d716e
branch network outage,3,688b6df9f1207068bf7d716f
ios app crash,1,688b6df9f1207068bf7d7170
statement generation delay,53,688b6df9f1207068bf7d7171
data center cool,50,688b6df9f1207068bf7d7172
break link error,80,688b6df9f1207068bf7d7173
false positive alert,59,688b6dfaf1207068bf7d7174
obas login failure,5,688b6e24f1207068bf7d7175
atm card retention,4,688b6e24f1207068bf7d7176
ach payment delay,16,688b6e24f1207068bf7d7177
fraudulent login attempt,20,688b6e25f1207068bf7d7178
cbs performance degradation,69,688b6e25f1207068bf7d7179
branch network outage,3,688b6e25f1207068bf7d717a
ios app crash,1,688b6e25f1207068bf7d717b
report generation failure,14,688b6e25f1207068bf7d717c
hard bounce analysis,14,688b6e25f1207068bf7d717d
safari display alignment,74,688b6e25f1207068bf7d717e
obas login failure,5,688b6e4ef1207068bf7d717f
atm card reader failure,6,688b6e4ef1207068bf7d7180
ach payment delay,16,688b6e4ef1207068bf7d7181
suspicious login activity,9,688b6e4ff1207068bf7d7182
cbs performance degradation,69,688b6e4ff1207068bf7d7183
branch network outage,3,688b6e4ff1207068bf7d7184
ios app crash,1,688b6e4ff1207068bf7d7185
report generation failure,14,688b6e4ff1207068bf7d7186
smtp connection delay,57,688b6e4ff1207068bf7d7187
account nickname alignment,19,688b6e50f1207068bf7d7188
mfa login failure,62,688b6e82f1207068bf7d7189
atm card reader failure,6,688b6e82f1207068bf7d718a
ach payment delay,16,688b6e82f1207068bf7d718b
api performance degradation,67,688b6e82f1207068bf7d718c
fraudulent login attempt,20,688b6e82f1207068bf7d718d
branch network outage,3,688b6e83f1207068bf7d718e
ios app crash,1,688b6e83f1207068bf7d718f
db connection timeout,-1,688b6e83f1207068bf7d7190
datum discrepancy,79,688b6e83f1207068bf7d7191
uk date format,79,688b6e83f1207068bf7d7192
obas login failure,5,688b6ebff1207068bf7d7193
atm card retention,4,688b6ec0f1207068bf7d7194
api payment delay,67,688b6ec0f1207068bf7d7195
suspicious login activity,9,688b6ec0f1207068bf7d7196
branch network latency,23,688b6ec0f1207068bf7d7197
sql query timeout,32,688b6ec0f1207068bf7d7198
ios app crash,1,688b6ec0f1207068bf7d7199
batch job failure,15,688b6ec1f1207068bf7d719a
receipt printer failure,31,688b6ec1f1207068bf7d719b
font size render,47,688b6ec1f1207068bf7d719c
obas login failure,5,688b6eeef1207068bf7d719d
atm card reader failure,6,688b6eeef1207068bf7d719e
ach batch failure,44,688b6eeef1207068bf7d719f
suspicious login activity,9,688b6eeef1207068bf7d71a0
branch network outage,3,688b6eeef1207068bf7d71a1
account summary api,71,688b6eeef1207068bf7d71a2
ios bill payment crash,0,688b6eeff1207068bf7d71a3
exchange server outage,12,688b6eeff1207068bf7d71a4
report generation failure,14,688b6eeff1207068bf7d71a5
account nickname truncation,18,688b6eeff1207068bf7d71a6
obas login failure,5,688b6f1af1207068bf7d71a7
atm card reader failure,6,688b6f1af1207068bf7d71a8
ach payment delay,16,688b6f1af1207068bf7d71a9
suspicious login activity,9,688b6f1af1207068bf7d71aa
branch network outage,3,688b6f1bf1207068bf7d71ab
loan report timeout,72,688b6f1bf1207068bf7d71ac
ios app crash,1,688b6f1bf1207068bf7d71ad
cbs server overload,69,688b6f1bf1207068bf7d71ae
phishe email response,27,688b6f1bf1207068bf7d71af
bill pay alignment,10,688b6f1bf1207068bf7d71b0
obas login failure,5,688b6f46f1207068bf7d71b1
atm card reader failure,6,688b6f46f1207068bf7d71b2
ach payment delay,16,688b6f46f1207068bf7d71b3
suspicious login activity,9,688b6f46f1207068bf7d71b4
database performance degradation,40,688b6f46f1207068bf7d71b5
branch network outage,3,688b6f46f1207068bf7d71b6
ios app crash,1,688b6f47f1207068bf7d71b7
report generation failure,14,688b6f47f1207068bf7d71b8
email delivery failure,63,688b6f47f1207068bf7d71b9
account nickname truncation,18,688b6f47f1207068bf7d71ba
authentication service failure,50,688b6f7cf1207068bf7d71bb
atm card reader failure,6,688b6f7cf1207068bf7d71bc
invalid route number,45,688b6f7df1207068bf7d71bd
suspicious login attempt,-1,688b6f7df1207068bf7d71be
branch network outage,3,688b6f7df1207068bf7d71bf
loan processing delay,72,688b6f7df1207068bf7d71c0
mobile app crash,26,688b6f7df1207068bf7d71c1
cpu utilization spike,61,688b6f7df1207068bf7d71c2
report generation failure,14,688b6f7ef1207068bf7d71c3
font size issue,70,688b6f7ef1207068bf7d71c4
obas login failure,5,688b6fa8f1207068bf7d71c5
atm card retention,4,688b6fa8f1207068bf7d71c6
ach payment delay,16,688b6fa8f1207068bf7d71c7
suspicious login activity,9,688b6fa8f1207068bf7d71c8
branch network outage,3,688b6fa8f1207068bf7d71c9
report generation delay,33,688b6fa9f1207068bf7d71ca
ios app crash,1,688b6fa9f1207068bf7d71cb
experian api failure,67,688b6fa9f1207068bf7d71cc
exchange server performance,12,688b6fa9f1207068bf7d71cd
account nickname truncation,18,688b6fa9f1207068bf7d71ce
obas login failure,5,688b6fd5f1207068bf7d71cf
atm card retention,4,688b6fd5f1207068bf7d71d0
ach payment delay,16,688b6fd6f1207068bf7d71d1
suspicious login activity,9,688b6fd6f1207068bf7d71d2
mpls circuit latency,24,688b6fd6f1207068bf7d71d3
report generation delay,33,688b6fd6f1207068bf7d71d4
ios app crash,1,688b6fd6f1207068bf7d71d5
batch job failure,15,688b6fd6f1207068bf7d71d6
receipt printer failure,31,688b6fd7f1207068bf7d71d7
online banking font,62,688b6fd7f1207068bf7d71d8
mfa login failure,62,688b7001f1207068bf7d71d9
atm card reader failure,6,688b7001f1207068bf7d71da
ach payment delay,16,688b7001f1207068bf7d71db
account summary api,71,688b7001f1207068bf7d71dc
suspicious login activity,9,688b7002f1207068bf7d71dd
branch network connectivity,23,688b7002f1207068bf7d71de
ios app crash,1,688b7002f1207068bf7d71df
database connection error,55,688b7002f1207068bf7d71e0
email notification delay,63,688b7002f1207068bf7d71e1
account nickname font,22,688b7002f1207068bf7d71e2
obas login failure,5,688b7030f1207068bf7d71e3
atm card reader failure,6,688b7031f1207068bf7d71e4
route number validation,45,688b7031f1207068bf7d71e5
suspicious login activity,9,688b7031f1207068bf7d71e6
branch network outage,3,688b7031f1207068bf7d71e7
sql query timeout,32,688b7031f1207068bf7d71e8
ios app crash,1,688b7031f1207068bf7d71e9
report generation timeout,33,688b7032f1207068bf7d71ea
exchange server outage,12,688b7032f1207068bf7d71eb
font size display,47,688b7032f1207068bf7d71ec
ldap authentication failure,42,688b705ff1207068bf7d71ed
atm card reader,6,688b705ff1207068bf7d71ee
invalid route number,45,688b705ff1207068bf7d71ef
brute force attack,17,688b705ff1207068bf7d71f0
branch network outage,3,688b705ff1207068bf7d71f1
store procedure performance,36,688b705ff1207068bf7d71f2
ios app crash,1,688b705ff1207068bf7d71f3
report generation failure,14,688b705ff1207068bf7d71f4
file server capacity,60,688b705ff1207068bf7d71f5
statement font size,52,688b705ff1207068bf7d71f6
chrome login failure,66,688b709bf1207068bf7d71f7
atm card reader failure,6,688b709cf1207068bf7d71f8
ach processing timeout,16,688b709cf1207068bf7d71f9
suspicious login attempt,21,688b709cf1207068bf7d71fa
branch network outage,3,688b709cf1207068bf7d71fb
sql timeout error,32,688b709cf1207068bf7d71fc
ios app crash,1,688b709df1207068bf7d71fd
exchange online outage,11,688b709df1207068bf7d71fe
report generation failure,14,688b709df1207068bf7d71ff
account nickname font,22,688b709df1207068bf7d7200
authentication service failure,50,688b70c7f1207068bf7d7201
atm card reader failure,6,688b70c7f1207068bf7d7202
fail ach batch,44,688b70c7f1207068bf7d7203
suspicious login activity,9,688b70c7f1207068bf7d7204
branch network outage,3,688b70c7f1207068bf7d7205
database query performance,56,688b70c7f1207068bf7d7206
android app crash,1,688b70c7f1207068bf7d7207
cpu utilization spike,61,688b70c7f1207068bf7d7208
report generation failure,14,688b70c7f1207068bf7d7209
payee font,54,688b70c7f1207068bf7d720a
obas login failure,5,688b7112f1207068bf7d720b
atm card retention,4,688b7112f1207068bf7d720c
ach payment failure,37,688b7113f1207068bf7d720d
suspicious login activity,9,688b7113f1207068bf7d720e
branch network latency,23,688b7113f1207068bf7d720f
report query performance,41,688b7113f1207068bf7d7210
ios app crash,1,688b7113f1207068bf7d7211
batch job failure,15,688b7113f1207068bf7d7212
email delivery delay,63,688b7113f1207068bf7d7213
nickname truncation,19,688b7113f1207068bf7d7214
obas login failure,5,688b713cf1207068bf7d7215
atm card reader failure,6,688b713df1207068bf7d7216
ach payment failure,37,688b713df1207068bf7d7217
suspicious login activity,9,688b713df1207068bf7d7218
branch network outage,3,688b713df1207068bf7d7219
api response delay,67,688b713df1207068bf7d721a
ios app crash,1,688b713df1207068bf7d721b
exchange server outage,12,688b713df1207068bf7d721c
sql server timeout,32,688b713df1207068bf7d721d
safari font distortion,74,688b713df1207068bf7d721e
authentication service failure,50,688b7166f1207068bf7d721f
atm card reader failure,6,688b7166f1207068bf7d7220
invalid route number,45,688b7166f1207068bf7d7221
suspicious login activity,9,688b7166f1207068bf7d7222
branch network outage,3,688b7166f1207068bf7d7223
database query performance,56,688b7166f1207068bf7d7224
mobile app crash,26,688b7166f1207068bf7d7225
database connection timeout,-1,688b7166f1207068bf7d7226
receipt printer failure,31,688b7166f1207068bf7d7227
font size display,47,688b7167f1207068bf7d7228
authentication service failure,50,688b7194f1207068bf7d7229
atm card reader failure,6,688b7194f1207068bf7d722a
ach batch failure,44,688b7194f1207068bf7d722b
brute force attack,17,688b7194f1207068bf7d722c
branch network outage,3,688b7194f1207068bf7d722d
cbs performance degradation,69,688b7194f1207068bf7d722e
ios app crash,1,688b7194f1207068bf7d722f
report generation timeout,33,688b7195f1207068bf7d7230
teller printer failure,34,688b7195f1207068bf7d7231
font size display,47,688b7195f1207068bf7d7232
obas login failure,5,688b71c2f1207068bf7d7233
atm card reader failure,6,688b71c2f1207068bf7d7234
invalid route number,45,688b71c2f1207068bf7d7235
suspicious login activity,9,688b71c2f1207068bf7d7236
branch network outage,3,688b71c2f1207068bf7d7237
cis query performance,68,688b71c2f1207068bf7d7238
ios app crash,1,688b71c2f1207068bf7d7239
regulatory report failure,33,688b71c3f1207068bf7d723a
exchange server outage,12,688b71c3f1207068bf7d723b
account nickname font,22,688b71c3f1207068bf7d723c
obas login failure,5,688b71eff1207068bf7d723d
atm card reader failure,6,688b71eff1207068bf7d723e
invalid route number,45,688b71eff1207068bf7d723f
suspicious login activity,9,688b71eff1207068bf7d7240
branch network outage,3,688b71eff1207068bf7d7241
account summary api,71,688b71eff1207068bf7d7242
ios bill payment crash,0,688b71eff1207068bf7d7243
exchange server outage,12,688b71eff1207068bf7d7244
report generation failure,14,688b71eff1207068bf7d7245
font size readability,47,688b71eff1207068bf7d7246
chrome login failure,66,688b7217f1207068bf7d7247
atm card retention,4,688b7217f1207068bf7d7248
ach payment delay,16,688b7217f1207068bf7d7249
suspicious mobile login,9,688b7217f1207068bf7d724a
branch network outage,3,688b7217f1207068bf7d724b
oracle query performance,35,688b7217f1207068bf7d724c
mobile deposit quality,25,688b7217f1207068bf7d724d
exchange server outage,12,688b7217f1207068bf7d724e
report datum inaccuracy,79,688b7217f1207068bf7d724f
statement date format,52,688b7217f1207068bf7d7250
obas login failure,5,688b7240f1207068bf7d7251
atm card reader failure,6,688b7240f1207068bf7d7252
ach payment failure,37,688b7240f1207068bf7d7253
suspicious login activity,9,688b7240f1207068bf7d7254
branch network outage,3,688b7240f1207068bf7d7255
crm performance degradation,76,688b7240f1207068bf7d7256
ios app crash,1,688b7240f1207068bf7d7257
snowflake connection timeout,30,688b7240f1207068bf7d7258
server cpu spike,61,688b7240f1207068bf7d7259
font size display,47,688b7240f1207068bf7d725a
ldap login failure,42,688b726bf1207068bf7d725b
atm card reader,6,688b726bf1207068bf7d725c
ach payment failure,37,688b726bf1207068bf7d725d
suspicious login activity,9,688b726bf1207068bf7d725e
dna performance degradation,69,688b726bf1207068bf7d725f
branch network outage,3,688b726bf1207068bf7d7260
push notification failure,67,688b726bf1207068bf7d7261
loan balance discrepancy,72,688b726bf1207068bf7d7262
database disk space,55,688b726bf1207068bf7d7263
account nickname font,22,688b726bf1207068bf7d7264
authentication service failure,50,688b7291f1207068bf7d7265
atm card reader failure,6,688b7291f1207068bf7d7266
ach batch failure,44,688b7292f1207068bf7d7267
suspicious login activity,9,688b7292f1207068bf7d7268
branch network outage,3,688b7292f1207068bf7d7269
slow query performance,28,688b7292f1207068bf7d726a
ios app crash,1,688b7292f1207068bf7d726b
report generation failure,14,688b7292f1207068bf7d726c
ui nickname alignment,74,688b7292f1207068bf7d726d
file server cpu,60,688b7292f1207068bf7d726e
chrome login failure,66,688b72bef1207068bf7d726f
atm card retention,4,688b72bef1207068bf7d7270
api payment delay,67,688b72bef1207068bf7d7271
suspicious login activity,9,688b72bef1207068bf7d7272
branch network outage,3,688b72bef1207068bf7d7273
cif database performance,68,688b72bef1207068bf7d7274
ios app crash,1,688b72bef1207068bf7d7275
report generation failure,14,688b72bef1207068bf7d7276
exchange server failure,12,688b72bef1207068bf7d7277
account nickname display,19,688b72bef1207068bf7d7278
obas login failure,5,688b72f0f1207068bf7d7279
atm card retention,4,688b72f0f1207068bf7d727a
invalid route number,45,688b72f0f1207068bf7d727b
cbs performance degradation,69,688b72f0f1207068bf7d727c
brute force attack,17,688b72f0f1207068bf7d727d
branch network outage,3,688b72f0f1207068bf7d727e
ios app crash,1,688b72f0f1207068bf7d727f
etl process failure,75,688b72f0f1207068bf7d7280
file server capacity,60,688b72f0f1207068bf7d7281
account nickname truncation,18,688b72f1f1207068bf7d7282
authentication service failure,50,688b7319f1207068bf7d7283
atm card reader failure,6,688b7319f1207068bf7d7284
invalid route number,45,688b7319f1207068bf7d7285
suspicious login attempt,21,688b7319f1207068bf7d7286
branch network outage,3,688b7319f1207068bf7d7287
los database performance,46,688b7319f1207068bf7d7288
mobile app crash,26,688b731af1207068bf7d7289
report generation failure,14,688b731af1207068bf7d728a
font size issue,70,688b731af1207068bf7d728b
api bad request,67,688b731af1207068bf7d728c
obas login failure,5,688b7344f1207068bf7d728d
atm card retention,4,688b7344f1207068bf7d728e
ach payment delay,16,688b7344f1207068bf7d728f
suspicious login activity,9,688b7344f1207068bf7d7290
branch network outage,3,688b7345f1207068bf7d7291
sql query timeout,32,688b7345f1207068bf7d7292
ios app crash,1,688b7345f1207068bf7d7293
sftp file transfer,57,688b7345f1207068bf7d7294
exchange server offline,12,688b7345f1207068bf7d7295
bill pay alignment,10,688b7345f1207068bf7d7296
obas login failure,5,688b736df1207068bf7d7297
atm card retention,4,688b736df1207068bf7d7298
ach payment delay,16,688b736df1207068bf7d7299
suspicious login activity,9,688b736ef1207068bf7d729a
branch network outage,3,688b736ef1207068bf7d729b
sql query timeout,32,688b736ef1207068bf7d729c
ios transaction crash,0,688b736ef1207068bf7d729d
batch job failure,15,688b736ff1207068bf7d729e
receipt printer failure,31,688b736ff1207068bf7d729f
account nickname alignment,19,688b736ff1207068bf7d72a0
obas login failure,5,688b739af1207068bf7d72a1
atm card retention,4,688b739af1207068bf7d72a2
ach payment delay,16,688b739af1207068bf7d72a3
suspicious login activity,9,688b739af1207068bf7d72a4
branch network latency,23,688b739af1207068bf7d72a5
sql query optimization,36,688b739af1207068bf7d72a6
ios app crash,1,688b739af1207068bf7d72a7
interest calculation failure,72,688b739af1207068bf7d72a8
smtp queue length,57,688b739af1207068bf7d72a9
account nickname truncation,18,688b739af1207068bf7d72aa
obas login failure,5,688b73c5f1207068bf7d72ab
atm card retention,4,688b73c5f1207068bf7d72ac
ach payment delay,16,688b73c5f1207068bf7d72ad
suspicious login activity,9,688b73c5f1207068bf7d72ae
branch network outage,3,688b73c5f1207068bf7d72af
sql query timeout,32,688b73c5f1207068bf7d72b0
ios app crash,1,688b73c5f1207068bf7d72b1
exchange server outage,12,688b73c6f1207068bf7d72b2
audit log purging,49,688b73c6f1207068bf7d72b3
pdf statement distortion,80,688b73c6f1207068bf7d72b4
obas login failure,5,688b73f5f1207068bf7d72b5
atm card reader failure,6,688b73f5f1207068bf7d72b6
ach payment failure,37,688b73f5f1207068bf7d72b7
suspicious login activity,9,688b73f5f1207068bf7d72b8
mpls circuit latency,24,688b73f5f1207068bf7d72b9
crm performance degradation,76,688b73f5f1207068bf7d72ba
mobile app crash,26,688b73f5f1207068bf7d72bb
exchange server outage,12,688b73f6f1207068bf7d72bc
daily report failure,14,688b73f6f1207068bf7d72bd
font size render,47,688b73f6f1207068bf7d72be
obas login failure,5,688b7425f1207068bf7d72bf
atm card reader failure,6,688b7426f1207068bf7d72c0
route number validation,45,688b7426f1207068bf7d72c1
suspicious login activity,9,688b7426f1207068bf7d72c2
branch network outage,3,688b7426f1207068bf7d72c3
account balance query,77,688b7426f1207068bf7d72c4
ios app crash,1,688b7427f1207068bf7d72c5
exchange server outage,12,688b7427f1207068bf7d72c6
report generation failure,14,688b7427f1207068bf7d72c7
account nickname alignment,19,688b7427f1207068bf7d72c8
obas login failure,5,688b7455f1207068bf7d72c9
atm card reader failure,6,688b7455f1207068bf7d72ca
api payment delay,67,688b7455f1207068bf7d72cb
suspicious login activity,9,688b7456f1207068bf7d72cc
branch network latency,23,688b7456f1207068bf7d72cd
sql query timeout,32,688b7456f1207068bf7d72ce
ios app crash,1,688b7456f1207068bf7d72cf
exchange server outage,12,688b7456f1207068bf7d72d0
report generation failure,14,688b7456f1207068bf7d72d1
account nickname truncation,18,688b7456f1207068bf7d72d2
obas login failure,5,688b7495f1207068bf7d72d3
atm card retention,4,688b7495f1207068bf7d72d4
ach payment delay,16,688b7495f1207068bf7d72d5
suspicious login activity,9,688b7495f1207068bf7d72d6
branch network downtime,2,688b7495f1207068bf7d72d7
report generation delay,33,688b7496f1207068bf7d72d8
ios app crash,1,688b7496f1207068bf7d72d9
batch job failure,15,688b7496f1207068bf7d72da
receipt printer failure,31,688b7496f1207068bf7d72db
account nickname display,19,688b7496f1207068bf7d72dc
obas login failure,5,688b74c8f1207068bf7d72dd
atm card reader failure,6,688b74c8f1207068bf7d72de
ach payment failure,37,688b74c8f1207068bf7d72df
suspicious login activity,9,688b74c8f1207068bf7d72e0
mpls circuit latency,24,688b74c9f1207068bf7d72e1
loan report generation,72,688b74c9f1207068bf7d72e2
ios app crash,1,688b74c9f1207068bf7d72e3
batch job failure,15,688b74c9f1207068bf7d72e4
email delivery delay,63,688b74c9f1207068bf7d72e5
nickname truncation,19,688b74c9f1207068bf7d72e6
obas login failure,5,688b74f2f1207068bf7d72e7
atm card retention,4,688b74f2f1207068bf7d72e8
ach payment failure,37,688b74f3f1207068bf7d72e9
suspicious login activity,9,688b74f3f1207068bf7d72ea
mpls circuit latency,24,688b74f3f1207068bf7d72eb
loan report generation,72,688b74f3f1207068bf7d72ec
ios app crash,1,688b74f3f1207068bf7d72ed
cbs cpu utilization,69,688b74f3f1207068bf7d72ee
incorrect interest rate,72,688b74f3f1207068bf7d72ef
payee button alignment,54,688b74f3f1207068bf7d72f0
obas login failure,5,688b751ff1207068bf7d72f1
atm card retention,4,688b751ff1207068bf7d72f2
ach payment delay,16,688b751ff1207068bf7d72f3
fraudulent wire transfer,13,688b751ff1207068bf7d72f4
branch network outage,2,688b751ff1207068bf7d72f5
report generation delay,33,688b751ff1207068bf7d72f6
mobile app crash,26,688b751ff1207068bf7d72f7
batch job failure,15,688b751ff1207068bf7d72f8
smtp connection timeout,57,688b7520f1207068bf7d72f9
font size readability,47,688b7520f1207068bf7d72fa
obas login failure,5,688b7549f1207068bf7d72fb
atm card reader failure,6,688b7549f1207068bf7d72fc
ach payment failure,37,688b7549f1207068bf7d72fd
suspicious login activity,9,688b7549f1207068bf7d72fe
branch network outage,3,688b7549f1207068bf7d72ff
report query performance,41,688b7549f1207068bf7d7300
ios app crash,1,688b7549f1207068bf7d7301
batch job failure,15,688b7549f1207068bf7d7302
email delivery delay,63,688b7549f1207068bf7d7303
button alignment issue,74,688b7549f1207068bf7d7304
obas login failure,5,688b7575f1207068bf7d7305
atm card retention,4,688b7575f1207068bf7d7306
ach api timeout,44,688b7575f1207068bf7d7307
suspicious login activity,9,688b7575f1207068bf7d7308
mpls network latency,24,688b7576f1207068bf7d7309
sql query timeout,32,688b7576f1207068bf7d730a
ios app crash,1,688b7576f1207068bf7d730b
batch job failure,15,688b7576f1207068bf7d730c
phishe email response,27,688b7576f1207068bf7d730d
bill pay alignment,10,688b7576f1207068bf7d730e
obas login failure,5,688b75a4f1207068bf7d730f
atm card reader failure,6,688b75a4f1207068bf7d7310
ach payment delay,16,688b75a4f1207068bf7d7311
suspicious login activity,9,688b75a4f1207068bf7d7312
database performance degradation,40,688b75a5f1207068bf7d7313
branch network downtime,2,688b75a5f1207068bf7d7314
ios app crash,1,688b75a5f1207068bf7d7315
report generation failure,14,688b75a5f1207068bf7d7316
smtp connection timeout,57,688b75a5f1207068bf7d7317
statement font display,52,688b75a6f1207068bf7d7318
ldap authentication failure,42,688b75d5f1207068bf7d7319
atm card reader failure,6,688b75d5f1207068bf7d731a
ach batch failure,44,688b75d5f1207068bf7d731b
suspicious login activity,9,688b75d5f1207068bf7d731c
branch network outage,3,688b75d5f1207068bf7d731d
statement generation delay,53,688b75d6f1207068bf7d731e
ios app crash,1,688b75d6f1207068bf7d731f
cpu utilization spike,61,688b75d6f1207068bf7d7320
break link error,80,688b75d6f1207068bf7d7321
false positive fraud,59,688b75d6f1207068bf7d7322
authentication service failure,50,688b7601f1207068bf7d7323
atm card reader failure,6,688b7601f1207068bf7d7324
ach payment failure,37,688b7601f1207068bf7d7325
suspicious login activity,9,688b7601f1207068bf7d7326
branch network outage,3,688b7602f1207068bf7d7327
database performance degradation,40,688b7602f1207068bf7d7328
ios app crash,1,688b7602f1207068bf7d7329
report generation failure,14,688b7602f1207068bf7d732a
bill pay ui,10,688b7602f1207068bf7d732b
cpu utilization spike,61,688b7602f1207068bf7d732c
obas login failure,5,688b7641f1207068bf7d732d
atm card retention,4,688b7641f1207068bf7d732e
ach payment delay,16,688b7641f1207068bf7d732f
suspicious login activity,9,688b7641f1207068bf7d7330
branch network outage,3,688b7641f1207068bf7d7331
api performance degradation,67,688b7641f1207068bf7d7332
ios app crash,1,688b7641f1207068bf7d7333
report generation failure,14,688b7642f1207068bf7d7334
receipt printer offline,31,688b7642f1207068bf7d7335
statement font size,52,688b7642f1207068bf7d7336
obas login failure,5,688b7672f1207068bf7d7337
atm card reader failure,6,688b7672f1207068bf7d7338
ach routing error,43,688b7672f1207068bf7d7339
suspicious login activity,9,688b7672f1207068bf7d733a
branch network outage,3,688b7672f1207068bf7d733b
los query performance,46,688b7673f1207068bf7d733c
ios app crash,1,688b7673f1207068bf7d733d
report generation failure,14,688b7673f1207068bf7d733e
exchange server cpu,12,688b7673f1207068bf7d733f
account nickname alignment,19,688b7673f1207068bf7d7340
obas login failure,5,688b76a1f1207068bf7d7341
atm card reader failure,6,688b76a1f1207068bf7d7342
invalid route number,45,688b76a1f1207068bf7d7343
ibs performance degradation,69,688b76a1f1207068bf7d7344
suspicious login activity,9,688b76a1f1207068bf7d7345
branch network outage,3,688b76a1f1207068bf7d7346
ios app crash,1,688b76a2f1207068bf7d7347
report generation failure,14,688b76a2f1207068bf7d7348
stage backup failure,15,688b76a2f1207068bf7d7349
account nickname display,19,688b76a2f1207068bf7d734a
obas login failure,5,688b76cbf1207068bf7d734b
atm card retention,4,688b76cbf1207068bf7d734c
ach payment failure,37,688b76cbf1207068bf7d734d
suspicious login activity,9,688b76cbf1207068bf7d734e
branch network outage,3,688b76cbf1207068bf7d734f
cbs query latency,69,688b76cbf1207068bf7d7350
ios app crash,1,688b76ccf1207068bf7d7351
exchange server outage,12,688b76ccf1207068bf7d7352
report generation failure,14,688b76ccf1207068bf7d7353
account nickname alignment,19,688b76ccf1207068bf7d7354
obas login failure,5,688b76fdf1207068bf7d7355
atm card retention,4,688b76fdf1207068bf7d7356
ach payroll failure,39,688b76fdf1207068bf7d7357
cbs performance latency,69,688b76fef1207068bf7d7358
fraudulent login attempt,20,688b76fef1207068bf7d7359
branch network outage,3,688b76fef1207068bf7d735a
ios app crash,1,688b76fef1207068bf7d735b
snowflake report failure,30,688b76fef1207068bf7d735c
database replication lag,56,688b76fef1207068bf7d735d
font size render,47,688b76fef1207068bf7d735e
obas login failure,5,688b772bf1207068bf7d735f
atm card reader failure,6,688b772bf1207068bf7d7360
ach payment delay,16,688b772bf1207068bf7d7361
suspicious login activity,9,688b772bf1207068bf7d7362
branch network outage,3,688b772bf1207068bf7d7363
sql query timeout,32,688b772bf1207068bf7d7364
ios app crash,1,688b772bf1207068bf7d7365
batch job failure,15,688b772bf1207068bf7d7366
teller printer error,34,688b772bf1207068bf7d7367
font size display,47,688b772bf1207068bf7d7368
obas login failure,5,688b776df1207068bf7d7369
atm card reader failure,6,688b776df1207068bf7d736a
ach payment failure,37,688b776df1207068bf7d736b
suspicious login activity,9,688b776df1207068bf7d736c
branch network outage,3,688b776df1207068bf7d736d
report query performance,41,688b776df1207068bf7d736e
ios app crash,1,688b776df1207068bf7d736f
batch job failure,15,688b776df1207068bf7d7370
receipt printer error,31,688b776df1207068bf7d7371
font size display,47,688b776df1207068bf7d7372
obas login failure,5,688b779bf1207068bf7d7373
atm card reader failure,6,688b779bf1207068bf7d7374
ach payment delay,16,688b779bf1207068bf7d7375
suspicious login activity,9,688b779bf1207068bf7d7376
database performance degradation,40,688b779bf1207068bf7d7377
branch network outage,3,688b779bf1207068bf7d7378
ios app crash,1,688b779bf1207068bf7d7379
report generation failure,14,688b779bf1207068bf7d737a
email delivery failure,63,688b779bf1207068bf7d737b
account nickname truncation,18,688b779bf1207068bf7d737c
obas login failure,5,688b77cef1207068bf7d737d
atm card reader failure,6,688b77cef1207068bf7d737e
invalid route number,45,688b77cef1207068bf7d737f
suspicious login activity,9,688b77cef1207068bf7d7380
branch network latency,23,688b77cef1207068bf7d7381
sql query performance,36,688b77cef1207068bf7d7382
ios app crash,1,688b77cef1207068bf7d7383
exchange online outage,11,688b77cef1207068bf7d7384
snowflake connection failure,30,688b77cef1207068bf7d7385
account summary font,78,688b77cef1207068bf7d7386
obas login failure,5,688b77fbf1207068bf7d7387
atm card retention,4,688b77fbf1207068bf7d7388
api payment delay,67,688b77fbf1207068bf7d7389
suspicious login activity,9,688b77fbf1207068bf7d738a
branch network latency,23,688b77fbf1207068bf7d738b
sql query timeout,32,688b77fbf1207068bf7d738c
ios app crash,1,688b77fbf1207068bf7d738d
batch job failure,15,688b77fbf1207068bf7d738e
receipt printer error,31,688b77fbf1207068bf7d738f
font size display,47,688b77fbf1207068bf7d7390
obas login failure,5,688b7827f1207068bf7d7391
atm card retention,4,688b7827f1207068bf7d7392
invalid route number,45,688b7827f1207068bf7d7393
suspicious login activity,9,688b7827f1207068bf7d7394
branch network outage,3,688b7828f1207068bf7d7395
sql query performance,36,688b7828f1207068bf7d7396
ios app crash,1,688b7828f1207068bf7d7397
exchange server outage,12,688b7828f1207068bf7d7398
report generation failure,14,688b7828f1207068bf7d7399
font size display,47,688b7828f1207068bf7d739a
chrome login failure,66,688b7853f1207068bf7d739b
atm card reader failure,6,688b7853f1207068bf7d739c
ach payment failure,37,688b7853f1207068bf7d739d
fraudulent wire transfer,13,688b7854f1207068bf7d739e
branch network outage,3,688b7854f1207068bf7d739f
sql query performance,36,688b7854f1207068bf7d73a0
ios app crash,1,688b7854f1207068bf7d73a1
exchange server outage,12,688b7854f1207068bf7d73a2
audit log retention,49,688b7854f1207068bf7d73a3
safari button alignment,74,688b7854f1207068bf7d73a4
obas login failure,5,688b7881f1207068bf7d73a5
atm card reader failure,6,688b7881f1207068bf7d73a6
invalid route number,45,688b7881f1207068bf7d73a7
suspicious login activity,9,688b7881f1207068bf7d73a8
branch network outage,3,688b7881f1207068bf7d73a9
sql query performance,36,688b7882f1207068bf7d73aa
ios app crash,1,688b7882f1207068bf7d73ab
exchange online outage,11,688b7882f1207068bf7d73ac
report generation failure,14,688b7882f1207068bf7d73ad
font size readability,47,688b7882f1207068bf7d73ae
obas login failure,5,688b78b1f1207068bf7d73af
atm card retention,4,688b78b1f1207068bf7d73b0
ach payroll rejection,39,688b78b1f1207068bf7d73b1
suspicious login attempt,21,688b78b1f1207068bf7d73b2
branch network outage,3,688b78b1f1207068bf7d73b3
report generation delay,33,688b78b1f1207068bf7d73b4
ios app crash,1,688b78b1f1207068bf7d73b5
batch job failure,15,688b78b1f1207068bf7d73b6
email delivery delay,63,688b78b1f1207068bf7d73b7
account nickname font,22,688b78b1f1207068bf7d73b8
obas login failure,5,688b78ddf1207068bf7d73b9
atm card reader failure,6,688b78ddf1207068bf7d73ba
ach routing error,43,688b78def1207068bf7d73bb
suspicious login activity,9,688b78def1207068bf7d73bc
branch network outage,3,688b78def1207068bf7d73bd
cis query performance,68,688b78def1207068bf7d73be
ios app crash,1,688b78def1207068bf7d73bf
exchange server outage,12,688b78def1207068bf7d73c0
reconciliation report failure,14,688b78def1207068bf7d73c1
font size readability,47,688b78def1207068bf7d73c2
obas login failure,5,688b7912f1207068bf7d73c3
atm card reader failure,6,688b7912f1207068bf7d73c4
ach batch failure,44,688b7912f1207068bf7d73c5
suspicious login activity,9,688b7912f1207068bf7d73c6
branch network outage,3,688b7912f1207068bf7d73c7
account summary api,71,688b7912f1207068bf7d73c8
ios bill payment crash,0,688b7912f1207068bf7d73c9
exchange server outage,12,688b7912f1207068bf7d73ca
report generation failure,14,688b7912f1207068bf7d73cb
font size issue,70,688b7912f1207068bf7d73cc
obas login failure,5,688b794cf1207068bf7d73cd
atm card retention,4,688b794cf1207068bf7d73ce
ach payment failure,37,688b794cf1207068bf7d73cf
fraudulent login attempt,20,688b794cf1207068bf7d73d0
branch network outage,3,688b794cf1207068bf7d73d1
sql query performance,36,688b794cf1207068bf7d73d2
ios bill payment crash,0,688b794cf1207068bf7d73d3
cbs shutdown failure,69,688b794cf1207068bf7d73d4
report generation failure,14,688b794cf1207068bf7d73d5
small font size,47,688b794cf1207068bf7d73d6
authentication service failure,50,688b7981f1207068bf7d73d7
atm card reader failure,6,688b7981f1207068bf7d73d8
invalid route number,45,688b7981f1207068bf7d73d9
suspicious login attempt,21,688b7981f1207068bf7d73da
branch network outage,3,688b7981f1207068bf7d73db
database performance degradation,40,688b7981f1207068bf7d73dc
mobile app crash,26,688b7981f1207068bf7d73dd
core banking restart,51,688b7981f1207068bf7d73de
pdf formatting error,80,688b7981f1207068bf7d73df
firewall log growth,49,688b7981f1207068bf7d73e0
duo security failure,62,688b79bef1207068bf7d73e1
atm card reader failure,6,688b79bef1207068bf7d73e2
ach payment delay,16,688b79bef1207068bf7d73e3
api performance degradation,67,688b79bff1207068bf7d73e4
suspicious login activity,9,688b79bff1207068bf7d73e5
branch network latency,23,688b79bff1207068bf7d73e6
ios app crash,1,688b79bff1207068bf7d73e7
exchange server outage,12,688b79bff1207068bf7d73e8
report generation failure,14,688b79bff1207068bf7d73e9
account nickname font,22,688b79bff1207068bf7d73ea
chrome login failure,66,688b79e9f1207068bf7d73eb
atm card reader failure,6,688b79e9f1207068bf7d73ec
ach payment delay,16,688b79e9f1207068bf7d73ed
suspicious login activity,9,688b79e9f1207068bf7d73ee
wan link packet loss,64,688b79e9f1207068bf7d73ef
teller app slowness,34,688b79e9f1207068bf7d73f0
mobile balance discrepancy,25,688b79e9f1207068bf7d73f1
snowflake report timeout,30,688b79e9f1207068bf7d73f2
receipt printer failure,31,688b79e9f1207068bf7d73f3
account summary font,78,688b79e9f1207068bf7d73f4
chrome login failure,66,688b7a14f1207068bf7d73f5
atm card reader failure,6,688b7a14f1207068bf7d73f6
ach payment delay,16,688b7a14f1207068bf7d73f7
unusual login activity,9,688b7a14f1207068bf7d73f8
branch network outage,3,688b7a14f1207068bf7d73f9
sql query timeout,32,688b7a14f1207068bf7d73fa
ios app crash,1,688b7a14f1207068bf7d73fb
cbs shutdown failure,69,688b7a14f1207068bf7d73fc
report generation timeout,33,688b7a14f1207068bf7d73fd
safari display misalignment,74,688b7a14f1207068bf7d73fe
chrome login failure,66,688b7a3ff1207068bf7d73ff
atm card reader failure,6,688b7a3ff1207068bf7d7400
ach payment delay,16,688b7a3ff1207068bf7d7401
fraudulent login attempt,20,688b7a3ff1207068bf7d7402
wan link degradation,64,688b7a3ff1207068bf7d7403
crm query performance,76,688b7a3ff1207068bf7d7404
ios app crash,1,688b7a3ff1207068bf7d7405
exchange server outage,12,688b7a3ff1207068bf7d7406
report generation failure,14,688b7a3ff1207068bf7d7407
pdf text alignment,80,688b7a3ff1207068bf7d7408
ldap authentication failure,42,688b7a77f1207068bf7d7409
atm card reader failure,6,688b7a77f1207068bf7d740a
invalid route number,45,688b7a77f1207068bf7d740b
fail login attempt,62,688b7a77f1207068bf7d740c
branch network outage,3,688b7a77f1207068bf7d740d
statement generation delay,53,688b7a77f1207068bf7d740e
ios transaction crash,0,688b7a77f1207068bf7d740f
cpu utilization spike,61,688b7a77f1207068bf7d7410
audit log capacity,49,688b7a78f1207068bf7d7411
pdf font display,80,688b7a78f1207068bf7d7412
obas login failure,5,688b7aa8f1207068bf7d7413
atm card reader failure,6,688b7aa8f1207068bf7d7414
ach payment delay,16,688b7aa8f1207068bf7d7415
suspicious login activity,9,688b7aa8f1207068bf7d7416
branch network latency,23,688b7aa8f1207068bf7d7417
report generation delay,33,688b7aa8f1207068bf7d7418
ios app crash,1,688b7aa8f1207068bf7d7419
batch job failure,15,688b7aa8f1207068bf7d741a
receipt printer failure,31,688b7aa8f1207068bf7d741b
account nickname font,22,688b7aa8f1207068bf7d741c
obas login failure,5,688b7af2f1207068bf7d741d
atm card retention,4,688b7af3f1207068bf7d741e
ach payment delay,16,688b7af3f1207068bf7d741f
suspicious login attempt,21,688b7af3f1207068bf7d7420
branch network latency,23,688b7af3f1207068bf7d7421
sql query timeout,32,688b7af3f1207068bf7d7422
ios app crash,1,688b7af3f1207068bf7d7423
etl job failure,75,688b7af4f1207068bf7d7424
teller printer offline,34,688b7af4f1207068bf7d7425
statement font size,52,688b7af4f1207068bf7d7426
duo security failure,62,688b7b2bf1207068bf7d7427
atm card reader failure,6,688b7b2bf1207068bf7d7428
nacha file transmission,38,688b7b2bf1207068bf7d7429
api performance degradation,67,688b7b2bf1207068bf7d742a
suspicious login activity,9,688b7b2bf1207068bf7d742b
branch network connectivity,23,688b7b2bf1207068bf7d742c
ios app crash,1,688b7b2bf1207068bf7d742d
exchange server downtime,12,688b7b2bf1207068bf7d742e
report generation failure,14,688b7b2bf1207068bf7d742f
account nickname font,22,688b7b2cf1207068bf7d7430
ldap authentication failure,42,688b7b65f1207068bf7d7431
atm card reader failure,6,688b7b65f1207068bf7d7432
ach payment stall,16,688b7b65f1207068bf7d7433
suspicious login activity,9,688b7b65f1207068bf7d7434
branch network latency,23,688b7b65f1207068bf7d7435
loan report delay,72,688b7b65f1207068bf7d7436
ios app crash,1,688b7b65f1207068bf7d7437
exchange server outage,12,688b7b65f1207068bf7d7438
receipt printer error,31,688b7b66f1207068bf7d7439
font size display,47,688b7b66f1207068bf7d743a
obas login failure,5,688b7ba5f1207068bf7d743b
atm card retention,4,688b7ba5f1207068bf7d743c
ach payment delay,16,688b7ba6f1207068bf7d743d
suspicious login activity,9,688b7ba6f1207068bf7d743e
branch network outage,3,688b7ba6f1207068bf7d743f
report generation delay,33,688b7ba6f1207068bf7d7440
ios app crash,1,688b7ba6f1207068bf7d7441
batch job failure,15,688b7ba6f1207068bf7d7442
receipt printer failure,31,688b7ba6f1207068bf7d7443
safari nickname alignment,74,688b7ba6f1207068bf7d7444
obas login failure,5,688b7bd8f1207068bf7d7445
atm card retention,4,688b7bd8f1207068bf7d7446
invalid ach routing,45,688b7bd8f1207068bf7d7447
cbs performance degradation,69,688b7bd8f1207068bf7d7448
brute force attack,17,688b7bd8f1207068bf7d7449
branch network outage,3,688b7bd8f1207068bf7d744a
ios app crash,1,688b7bd8f1207068bf7d744b
report generation failure,14,688b7bd8f1207068bf7d744c
archive backup failure,15,688b7bd8f1207068bf7d744d
account nickname truncation,18,688b7bd8f1207068bf7d744e
obas login failure,5,688b7c1bf1207068bf7d744f
atm card reader failure,6,688b7c1cf1207068bf7d7450
invalid route number,45,688b7c1cf1207068bf7d7451
suspicious login activity,9,688b7c1cf1207068bf7d7452
branch network outage,3,688b7c1cf1207068bf7d7453
cis performance degradation,68,688b7c1cf1207068bf7d7454
ios app crash,1,688b7c1cf1207068bf7d7455
exchange server outage,12,688b7c1cf1207068bf7d7456
report generation failure,14,688b7c1cf1207068bf7d7457
account balance alignment,77,688b7c1cf1207068bf7d7458
obas login failure,5,688b7c4af1207068bf7d7459
atm card reader failure,6,688b7c4bf1207068bf7d745a
route number validation,45,688b7c4cf1207068bf7d745b
suspicious login activity,9,688b7c4cf1207068bf7d745c
branch network outage,3,688b7c4cf1207068bf7d745d
crm performance degradation,76,688b7c4cf1207068bf7d745e
ios app crash,1,688b7c4cf1207068bf7d745f
exchange server outage,12,688b7c4cf1207068bf7d7460
report generation failure,14,688b7c4cf1207068bf7d7461
font size render,47,688b7c4cf1207068bf7d7462
obas login failure,5,688b7c75f1207068bf7d7463
atm card reader failure,6,688b7c75f1207068bf7d7464
ach routing error,43,688b7c75f1207068bf7d7465
suspicious login activity,9,688b7c75f1207068bf7d7466
branch network outage,3,688b7c75f1207068bf7d7467
api response delay,67,688b7c75f1207068bf7d7468
ios app crash,1,688b7c75f1207068bf7d7469
exchange server outage,12,688b7c75f1207068bf7d746a
report generation failure,14,688b7c75f1207068bf7d746b
account nickname truncation,18,688b7c75f1207068bf7d746c
obas login failure,5,688b7c9ff1207068bf7d746d
atm card read failure,6,688b7c9ff1207068bf7d746e
ach batch failure,44,688b7c9ff1207068bf7d746f
fraudulent login attempt,20,688b7c9ff1207068bf7d7470
branch network outage,3,688b7c9ff1207068bf7d7471
dwh report delay,-1,688b7c9ff1207068bf7d7472
mobile app crash,26,688b7c9ff1207068bf7d7473
batch job failure,15,688b7c9ff1207068bf7d7474
receipt printer failure,31,688b7c9ff1207068bf7d7475
account nickname display,19,688b7c9ff1207068bf7d7476
obas login failure,5,688b7ccbf1207068bf7d7477
atm card retention,4,688b7ccbf1207068bf7d7478
ach routing error,43,688b7ccbf1207068bf7d7479
fraudulent login attempt,20,688b7ccbf1207068bf7d747a
branch network outage,3,688b7ccbf1207068bf7d747b
report generation delay,33,688b7ccbf1207068bf7d747c
mobile app crash,26,688b7ccbf1207068bf7d747d
batch job failure,15,688b7ccbf1207068bf7d747e
receipt printer failure,31,688b7ccbf1207068bf7d747f
font size display,47,688b7ccbf1207068bf7d7480
ldap authentication failure,42,688b7cf6f1207068bf7d7481
atm card reader failure,6,688b7cf6f1207068bf7d7482
ach batch failure,44,688b7cf6f1207068bf7d7483
suspicious login activity,9,688b7cf6f1207068bf7d7484
branch network outage,3,688b7cf6f1207068bf7d7485
statement generation delay,53,688b7cf6f1207068bf7d7486
ios app crash,1,688b7cf6f1207068bf7d7487
cpu utilization spike,61,688b7cf6f1207068bf7d7488
break link error,-1,688b7cf6f1207068bf7d7489
false positive fraud,59,688b7cf7f1207068bf7d748a
obas login failure,5,688b7d20f1207068bf7d748b
atm card retention,4,688b7d20f1207068bf7d748c
ach payment delay,16,688b7d20f1207068bf7d748d
suspicious login activity,9,688b7d20f1207068bf7d748e
branch network outage,3,688b7d20f1207068bf7d748f
database query performance,56,688b7d20f1207068bf7d7490
ios app crash,1,688b7d21f1207068bf7d7491
exchange server outage,12,688b7d21f1207068bf7d7492
report generation failure,14,688b7d21f1207068bf7d7493
css alignment error,73,688b7d21f1207068bf7d7494
obas login failure,5,688b7d4cf1207068bf7d7495
atm card reader failure,6,688b7d4df1207068bf7d7496
ach payment delay,16,688b7d4df1207068bf7d7497
cbs cpu utilization,69,688b7d4df1207068bf7d7498
suspicious login activity,9,688b7d4df1207068bf7d7499
branch network outage,3,688b7d4df1207068bf7d749a
mobile app crash,26,688b7d4ef1207068bf7d749b
sql query timeout,32,688b7d4ef1207068bf7d749c
report database capacity,41,688b7d4ef1207068bf7d749d
css alignment issue,73,688b7d4ef1207068bf7d749e
obas login failure,5,688b7d7bf1207068bf7d749f
atm card reader failure,6,688b7d7cf1207068bf7d74a0
invalid route number,45,688b7d7cf1207068bf7d74a1
suspicious login activity,9,688b7d7cf1207068bf7d74a2
branch network outage,3,688b7d7cf1207068bf7d74a3
cif query performance,68,688b7d7cf1207068bf7d74a4
ios app crash,1,688b7d7cf1207068bf7d74a5
regulatory reporting failure,33,688b7d7cf1207068bf7d74a6
exchange server downtime,12,688b7d7cf1207068bf7d74a7
account nickname alignment,19,688b7d7cf1207068bf7d74a8
obas login failure,5,688b7da9f1207068bf7d74a9
atm card reader failure,6,688b7da9f1207068bf7d74aa
ach payment failure,37,688b7da9f1207068bf7d74ab
suspicious login activity,9,688b7da9f1207068bf7d74ac
branch network outage,3,688b7da9f1207068bf7d74ad
api response delay,67,688b7da9f1207068bf7d74ae
ios app crash,1,688b7da9f1207068bf7d74af
exchange server outage,12,688b7da9f1207068bf7d74b0
report generation failure,14,688b7da9f1207068bf7d74b1
account balance font,78,688b7da9f1207068bf7d74b2
obas login failure,5,688b7dd7f1207068bf7d74b3
atm card reader failure,6,688b7dd7f1207068bf7d74b4
ach payment failure,37,688b7dd7f1207068bf7d74b5
suspicious login activity,9,688b7dd7f1207068bf7d74b6
branch network outage,3,688b7dd7f1207068bf7d74b7
report query performance,41,688b7dd7f1207068bf7d74b8
ios app crash,1,688b7dd7f1207068bf7d74b9
batch job failure,15,688b7dd7f1207068bf7d74ba
email delivery delay,63,688b7dd7f1207068bf7d74bb
payee alignment,54,688b7dd8f1207068bf7d74bc
obas login failure,5,688b7e06f1207068bf7d74bd
atm card retention,4,688b7e06f1207068bf7d74be
invalid route number,45,688b7e06f1207068bf7d74bf
suspicious login activity,9,688b7e07f1207068bf7d74c0
branch network outage,3,688b7e07f1207068bf7d74c1
cis query timeout,68,688b7e07f1207068bf7d74c2
ios app crash,1,688b7e07f1207068bf7d74c3
report generation failure,14,688b7e07f1207068bf7d74c4
receipt printer failure,31,688b7e07f1207068bf7d74c5
statement font display,52,688b7e07f1207068bf7d74c6
obas login failure,5,688b7e33f1207068bf7d74c7
atm card reader failure,6,688b7e33f1207068bf7d74c8
ach route error,43,688b7e33f1207068bf7d74c9
suspicious login activity,9,688b7e33f1207068bf7d74ca
branch network outage,3,688b7e33f1207068bf7d74cb
sql query performance,36,688b7e33f1207068bf7d74cc
ios app crash,1,688b7e33f1207068bf7d74cd
exchange server outage,12,688b7e33f1207068bf7d74ce
report generation failure,14,688b7e33f1207068bf7d74cf
font display distortion,70,688b7e33f1207068bf7d74d0
obas login failure,5,688b7e6ff1207068bf7d74d1
atm card retention,4,688b7e6ff1207068bf7d74d2
ach payment failure,37,688b7e6ff1207068bf7d74d3
fraudulent login attempt,20,688b7e6ff1207068bf7d74d4
mpls circuit latency,24,688b7e6ff1207068bf7d74d5
snowflake query performance,30,688b7e6ff1207068bf7d74d6
ios app crash,1,688b7e6ff1207068bf7d74d7
batch job failure,15,688b7e6ff1207068bf7d74d8
exchange server queue,12,688b7e6ff1207068bf7d74d9
account nickname truncation,18,688b7e6ff1207068bf7d74da
authentication service failure,50,688b7e99f1207068bf7d74db
atm card reader failure,6,688b7e99f1207068bf7d74dc
ach payment failure,37,688b7e99f1207068bf7d74dd
suspicious login activity,9,688b7e99f1207068bf7d74de
branch network outage,3,688b7e99f1207068bf7d74df
database performance degradation,40,688b7e99f1207068bf7d74e0
mobile app crash,26,688b7e99f1207068bf7d74e1
exchange server outage,12,688b7e99f1207068bf7d74e2
report generation failure,14,688b7e99f1207068bf7d74e3
css alignment error,73,688b7e99f1207068bf7d74e4
obas login failure,5,688b7ec4f1207068bf7d74e5
atm card retention,4,688b7ec5f1207068bf7d74e6
ach payment delay,16,688b7ec5f1207068bf7d74e7
suspicious login attempt,21,688b7ec5f1207068bf7d74e8
branch network downtime,2,688b7ec5f1207068bf7d74e9
report generation delay,33,688b7ec5f1207068bf7d74ea
ios app crash,1,688b7ec5f1207068bf7d74eb
interest calculation failure,72,688b7ec5f1207068bf7d74ec
teller printer offline,34,688b7ec5f1207068bf7d74ed
account nickname font,22,688b7ec5f1207068bf7d74ee
ldap authentication failure,42,688b7ef1f1207068bf7d74ef
atm card reader,6,688b7ef1f1207068bf7d74f0
invalid route number,45,688b7ef1f1207068bf7d74f1
brute force attack,17,688b7ef1f1207068bf7d74f2
branch network outage,3,688b7ef1f1207068bf7d74f3
database query performance,56,688b7ef1f1207068bf7d74f4
ios app crash,1,688b7ef1f1207068bf7d74f5
statement archive failure,53,688b7ef1f1207068bf7d74f6
data synchronization error,50,688b7ef1f1207068bf7d74f7
account nickname font,22,688b7ef1f1207068bf7d74f8
authentication service failure,50,688b7f1cf1207068bf7d74f9
atm card reader failure,6,688b7f1cf1207068bf7d74fa
ach batch failure,44,688b7f1cf1207068bf7d74fb
brute force attack,17,688b7f1cf1207068bf7d74fc
branch network outage,3,688b7f1cf1207068bf7d74fd
los query performance,46,688b7f1cf1207068bf7d74fe
mobile app crash,26,688b7f1cf1207068bf7d74ff
exchange server failure,12,688b7f1cf1207068bf7d7500
report generation timeout,33,688b7f1cf1207068bf7d7501
statement font display,52,688b7f1cf1207068bf7d7502
obas login failure,5,688b7f4ff1207068bf7d7503
atm card reader failure,6,688b7f4ff1207068bf7d7504
ach routing error,43,688b7f4ff1207068bf7d7505
suspicious login activity,9,688b7f4ff1207068bf7d7506
branch network outage,3,688b7f4ff1207068bf7d7507
cis query performance,68,688b7f4ff1207068bf7d7508
ios app crash,1,688b7f4ff1207068bf7d7509
exchange server outage,12,688b7f4ff1207068bf7d750a
report generation failure,14,688b7f4ff1207068bf7d750b
statement text alignment,52,688b7f4ff1207068bf7d750c
obas login failure,5,688b7f78f1207068bf7d750d
atm card reader failure,6,688b7f78f1207068bf7d750e
ach payment failure,37,688b7f78f1207068bf7d750f
suspicious login activity,9,688b7f78f1207068bf7d7510
branch network outage,3,688b7f78f1207068bf7d7511
api performance degradation,67,688b7f78f1207068bf7d7512
ios app crash,1,688b7f78f1207068bf7d7513
exchange server outage,12,688b7f78f1207068bf7d7514
report generation failure,14,688b7f78f1207068bf7d7515
statement font distortion,52,688b7f78f1207068bf7d7516
obas login failure,5,688b7fa2f1207068bf7d7517
atm card reader failure,6,688b7fa2f1207068bf7d7518
ach payment delay,16,688b7fa2f1207068bf7d7519
suspicious login activity,9,688b7fa2f1207068bf7d751a
oracle query timeout,-1,688b7fa2f1207068bf7d751b
branch network downtime,2,688b7fa2f1207068bf7d751c
ios app crash,1,688b7fa2f1207068bf7d751d
report generation failure,14,688b7fa2f1207068bf7d751e
receipt printer failure,31,688b7fa2f1207068bf7d751f
account nickname display,19,688b7fa2f1207068bf7d7520
chrome login failure,66,688b7fc9f1207068bf7d7521
atm card reader failure,6,688b7fc9f1207068bf7d7522
ach payment delay,16,688b7fc9f1207068bf7d7523
suspicious login activity,9,688b7fc9f1207068bf7d7524
branch network latency,23,688b7fcaf1207068bf7d7525
crm performance degradation,76,688b7fcaf1207068bf7d7526
ios app crash,1,688b7fcaf1207068bf7d7527
report generation timeout,33,688b7fcaf1207068bf7d7528
ssl certificate expiry,57,688b7fcaf1207068bf7d7529
safari display bug,74,688b7fcaf1207068bf7d752a
chrome login failure,66,688b7ff3f1207068bf7d752b
atm card retention,4,688b7ff3f1207068bf7d752c
api payment delay,67,688b7ff4f1207068bf7d752d
high risk transaction,13,688b7ff4f1207068bf7d752e
branch network downtime,2,688b7ff4f1207068bf7d752f
report performance degradation,41,688b7ff5f1207068bf7d7530
mobile app crash,26,688b7ff5f1207068bf7d7531
exchange server outage,12,688b7ff6f1207068bf7d7532
audit log retention,49,688b7ff7f1207068bf7d7533
bill pay alignment,10,688b7ff8f1207068bf7d7534
obas login failure,5,688b8022f1207068bf7d7535
atm card retention,4,688b8022f1207068bf7d7536
ach payment delay,16,688b8022f1207068bf7d7537
fraudulent wire transfer,13,688b8022f1207068bf7d7538
branch network downtime,2,688b8022f1207068bf7d7539
api response delay,67,688b8022f1207068bf7d753a
ios app crash,1,688b8022f1207068bf7d753b
exchange online outage,11,688b8022f1207068bf7d753c
report datum failure,79,688b8022f1207068bf7d753d
account nickname font,22,688b8022f1207068bf7d753e
ldap login failure,42,688b804ef1207068bf7d753f
ncr card reader failure,6,688b804ef1207068bf7d7540
ach payment delay,16,688b804ff1207068bf7d7541
suspicious login activity,9,688b804ff1207068bf7d7542
branch network latency,23,688b804ff1207068bf7d7543
api response delay,67,688b804ff1207068bf7d7544
ios app crash,1,688b804ff1207068bf7d7545
exchange server downtime,12,688b804ff1207068bf7d7546
transaction report discrepancy,14,688b8050f1207068bf7d7547
account nickname font,22,688b8050f1207068bf7d7548
obas login failure,5,688b807cf1207068bf7d7549
atm card retention,4,688b807cf1207068bf7d754a
ach payment delay,16,688b807cf1207068bf7d754b
suspicious login activity,9,688b807cf1207068bf7d754c
branch network latency,23,688b807cf1207068bf7d754d
sql query timeout,32,688b807cf1207068bf7d754e
ios app crash,1,688b807cf1207068bf7d754f
interest calculation failure,72,688b807cf1207068bf7d7550
email delivery delay,63,688b807cf1207068bf7d7551
account nickname display,19,688b807cf1207068bf7d7552
obas login failure,5,688b80a7f1207068bf7d7553
atm card retention,4,688b80a7f1207068bf7d7554
api payment delay,67,688b80a7f1207068bf7d7555
suspicious login activity,9,688b80a8f1207068bf7d7556
branch network latency,23,688b80a8f1207068bf7d7557
report generation delay,33,688b80a8f1207068bf7d7558
ios app crash,1,688b80a8f1207068bf7d7559
batch job failure,15,688b80a8f1207068bf7d755a
phishe email response,27,688b80a8f1207068bf7d755b
account nickname truncation,18,688b80a8f1207068bf7d755c
obas login failure,5,688b80d3f1207068bf7d755d
atm card retention,4,688b80d3f1207068bf7d755e
ach payment delay,16,688b80d3f1207068bf7d755f
brute force attack,17,688b80d4f1207068bf7d7560
branch network outage,3,688b80d4f1207068bf7d7561
regulatory reporting delay,33,688b80d4f1207068bf7d7562
ios app crash,1,688b80d4f1207068bf7d7563
batch job failure,15,688b80d4f1207068bf7d7564
email delivery failure,63,688b80d4f1207068bf7d7565
account nickname truncation,18,688b80d5f1207068bf7d7566
obas login failure,5,688b8104f1207068bf7d7567
atm card retention,4,688b8105f1207068bf7d7568
invalid ach routing,45,688b8105f1207068bf7d7569
cbs performance degradation,69,688b8105f1207068bf7d756a
brute force attack,17,688b8105f1207068bf7d756b
branch network outage,3,688b8105f1207068bf7d756c
ios app crash,1,688b8105f1207068bf7d756d
report generation failure,14,688b8105f1207068bf7d756e
cbs backup failure,69,688b8105f1207068bf7d756f
account summary font,78,688b8106f1207068bf7d7570
obas login failure,5,688b8143f1207068bf7d7571
atm card retention,4,688b8143f1207068bf7d7572
invalid ach routing,45,688b8143f1207068bf7d7573
suspicious login activity,9,688b8144f1207068bf7d7574
branch network outage,3,688b8144f1207068bf7d7575
crm performance degradation,76,688b8144f1207068bf7d7576
ios crash report,1,688b8144f1207068bf7d7577
exchange server outage,12,688b8144f1207068bf7d7578
report generation failure,14,688b8144f1207068bf7d7579
css styling misalignment,73,688b8144f1207068bf7d757a
obas login failure,5,688b8802f1207068bf7d757b
atm card retention,4,688b8802f1207068bf7d757c
ach payment delay,16,688b8802f1207068bf7d757d
suspicious login activity,9,688b8802f1207068bf7d757e
branch network downtime,2,688b8803f1207068bf7d757f
ios app crash,1,688b8803f1207068bf7d7580
database performance degradation,40,688b8803f1207068bf7d7581
loan report failure,72,688b8803f1207068bf7d7582
cbs cpu spike,69,688b8803f1207068bf7d7583
account nickname truncation,18,688b8803f1207068bf7d7584
obas login failure,5,688b882df1207068bf7d7585
atm card retention,4,688b882df1207068bf7d7586
ach payment delay,16,688b882df1207068bf7d7587
suspicious login activity,9,688b882df1207068bf7d7588
branch network outage,3,688b882df1207068bf7d7589
finacle query timeout,76,688b882df1207068bf7d758a
ios app crash,1,688b882df1207068bf7d758b
report generation failure,14,688b882df1207068bf7d758c
exchange server outage,12,688b882df1207068bf7d758d
account nickname truncation,18,688b882df1207068bf7d758e
obas login failure,5,688b8857f1207068bf7d758f
atm card reader failure,6,688b8857f1207068bf7d7590
ach payment delay,16,688b8857f1207068bf7d7591
suspicious login activity,9,688b8857f1207068bf7d7592
database performance degradation,40,688b8857f1207068bf7d7593
branch network outage,3,688b8857f1207068bf7d7594
ios app crash,1,688b8857f1207068bf7d7595
report generation failure,14,688b8857f1207068bf7d7596
email delivery failure,63,688b8857f1207068bf7d7597
account nickname alignment,19,688b8857f1207068bf7d7598
obas login failure,5,688b8883f1207068bf7d7599
atm card retention,4,688b8883f1207068bf7d759a
ach payment delay,16,688b8883f1207068bf7d759b
suspicious login attempt,21,688b8883f1207068bf7d759c
branch network outage,3,688b8884f1207068bf7d759d
report generation delay,33,688b8884f1207068bf7d759e
ios app crash,1,688b8884f1207068bf7d759f
batch job failure,15,688b8884f1207068bf7d75a0
teller printer offline,34,688b8884f1207068bf7d75a1
font size issue,70,688b8885f1207068bf7d75a2
ldap authentication failure,42,688b88b0f1207068bf7d75a3
atm card reader failure,6,688b88b0f1207068bf7d75a4
ach payment stall,16,688b88b1f1207068bf7d75a5
suspicious login activity,9,688b88b1f1207068bf7d75a6
branch network latency,23,688b88b1f1207068bf7d75a7
report generation delay,33,688b88b2f1207068bf7d75a8
ios app crash,1,688b88b2f1207068bf7d75a9
core banking restart,51,688b88b2f1207068bf7d75aa
account nickname alignment,19,688b88b2f1207068bf7d75ab
web server log,65,688b88b2f1207068bf7d75ac
obas login failure,5,688b88dff1207068bf7d75ad
atm card retention,4,688b88dff1207068bf7d75ae
api payment delay,67,688b88dff1207068bf7d75af
suspicious login activity,9,688b88e0f1207068bf7d75b0
branch network latency,23,688b88e0f1207068bf7d75b1
sql query timeout,32,688b88e0f1207068bf7d75b2
ios app crash,1,688b88e0f1207068bf7d75b3
batch job failure,15,688b88e0f1207068bf7d75b4
smtp connection timeout,57,688b88e0f1207068bf7d75b5
account nickname truncation,18,688b88e0f1207068bf7d75b6
obas login failure,5,688b890af1207068bf7d75b7
atm card retention,4,688b890af1207068bf7d75b8
ach payment delay,16,688b890af1207068bf7d75b9
suspicious login attempt,21,688b890af1207068bf7d75ba
branch network outage,3,688b890af1207068bf7d75bb
sql query performance,36,688b890af1207068bf7d75bc
ios app crash,1,688b890af1207068bf7d75bd
sftp connection failure,57,688b890af1207068bf7d75be
nickname truncation,19,688b890af1207068bf7d75bf
cbs log growth,69,688b890af1207068bf7d75c0
obas login failure,5,688b8934f1207068bf7d75c1
atm card retention,4,688b8934f1207068bf7d75c2
ach payment delay,16,688b8934f1207068bf7d75c3
suspicious login activity,9,688b8934f1207068bf7d75c4
branch network latency,23,688b8934f1207068bf7d75c5
sql query timeout,32,688b8934f1207068bf7d75c6
ios app crash,1,688b8934f1207068bf7d75c7
exchange server outage,12,688b8934f1207068bf7d75c8
log retention failure,49,688b8934f1207068bf7d75c9
bill pay alignment,10,688b8935f1207068bf7d75ca
obas login failure,5,688b8961f1207068bf7d75cb
atm card reader failure,6,688b8961f1207068bf7d75cc
ach payment delay,16,688b8961f1207068bf7d75cd
suspicious login activity,9,688b8961f1207068bf7d75ce
branch network downtime,2,688b8961f1207068bf7d75cf
sql query timeout,32,688b8961f1207068bf7d75d0
ios app crash,1,688b8961f1207068bf7d75d1
batch job failure,15,688b8961f1207068bf7d75d2
teller printer failure,34,688b8961f1207068bf7d75d3
font size display,47,688b8961f1207068bf7d75d4
ldap authentication failure,42,688b8994f1207068bf7d75d5
atm card reader failure,6,688b8994f1207068bf7d75d6
ach batch failure,44,688b8994f1207068bf7d75d7
suspicious login activity,9,688b8994f1207068bf7d75d8
branch network outage,3,688b8994f1207068bf7d75d9
slow query performance,28,688b8995f1207068bf7d75da
ios crash report,1,688b8995f1207068bf7d75db
exchange server outage,12,688b8995f1207068bf7d75dc
log retention violation,49,688b8995f1207068bf7d75dd
account balance font,78,688b8995f1207068bf7d75de
obas login failure,5,688b89c2f1207068bf7d75df
atm card reader failure,6,688b89c2f1207068bf7d75e0
ach payment delay,16,688b89c2f1207068bf7d75e1
fraudulent transaction alert,13,688b89c3f1207068bf7d75e2
mpls circuit failure,24,688b89c3f1207068bf7d75e3
crm query timeout,76,688b89c3f1207068bf7d75e4
ios crash report,1,688b89c3f1207068bf7d75e5
exchange server outage,12,688b89c3f1207068bf7d75e6
report generation failure,14,688b89c3f1207068bf7d75e7
font size readability,47,688b89c3f1207068bf7d75e8
obas login failure,5,688b89eef1207068bf7d75e9
atm card retention,4,688b89eef1207068bf7d75ea
ach payment delay,16,688b89eef1207068bf7d75eb
suspicious login activity,9,688b89eef1207068bf7d75ec
branch network outage,3,688b89eef1207068bf7d75ed
report generation delay,33,688b89eef1207068bf7d75ee
ios app crash,1,688b89eef1207068bf7d75ef
smtp server failure,57,688b89eef1207068bf7d75f0
core banking diskspace,51,688b89eef1207068bf7d75f1
font size render,47,688b89eef1207068bf7d75f2
obas login failure,5,688b8a1cf1207068bf7d75f3
atm card reader failure,6,688b8a1cf1207068bf7d75f4
ach payment failure,37,688b8a1cf1207068bf7d75f5
suspicious login activity,9,688b8a1cf1207068bf7d75f6
branch network outage,3,688b8a1cf1207068bf7d75f7
report query performance,41,688b8a1cf1207068bf7d75f8
ios app crash,1,688b8a1cf1207068bf7d75f9
batch job failure,15,688b8a1cf1207068bf7d75fa
receipt printer failure,31,688b8a1cf1207068bf7d75fb
account nickname display,19,688b8a1cf1207068bf7d75fc
obas login failure,5,688b8a48f1207068bf7d75fd
atm card reader failure,6,688b8a48f1207068bf7d75fe
ach routing error,43,688b8a48f1207068bf7d75ff
suspicious login activity,9,688b8a48f1207068bf7d7600
branch network outage,3,688b8a48f1207068bf7d7601
cis query performance,68,688b8a48f1207068bf7d7602
ios app crash,1,688b8a48f1207068bf7d7603
exchange server outage,12,688b8a48f1207068bf7d7604
reconciliation report failure,14,688b8a48f1207068bf7d7605
account nickname truncation,18,688b8a48f1207068bf7d7606
obas login failure,5,688b8a71f1207068bf7d7607
atm card retention,4,688b8a71f1207068bf7d7608
api payment delay,67,688b8a71f1207068bf7d7609
suspicious login activity,9,688b8a71f1207068bf7d760a
branch network outage,3,688b8a71f1207068bf7d760b
cis query performance,68,688b8a71f1207068bf7d760c
ios app crash,1,688b8a71f1207068bf7d760d
report generation failure,14,688b8a72f1207068bf7d760e
smtp connection failure,57,688b8a72f1207068bf7d760f
account nickname truncation,18,688b8a72f1207068bf7d7610
obas login failure,5,688b8a9bf1207068bf7d7611
atm card reader failure,6,688b8a9bf1207068bf7d7612
ach payment delay,16,688b8a9bf1207068bf7d7613
suspicious login activity,9,688b8a9bf1207068bf7d7614
branch network outage,3,688b8a9bf1207068bf7d7615
database query performance,56,688b8a9bf1207068bf7d7616
ios app crash,1,688b8a9bf1207068bf7d7617
core banking upgrade,51,688b8a9bf1207068bf7d7618
report generation failure,14,688b8a9bf1207068bf7d7619
font size display,47,688b8a9bf1207068bf7d761a
obas login failure,5,688b8ac4f1207068bf7d761b
atm card retention,4,688b8ac4f1207068bf7d761c
ach api timeout,44,688b8ac4f1207068bf7d761d
suspicious login activity,9,688b8ac5f1207068bf7d761e
mpls network latency,24,688b8ac5f1207068bf7d761f
sql query timeout,32,688b8ac5f1207068bf7d7620
ios app crash,1,688b8ac5f1207068bf7d7621
batch job failure,15,688b8ac5f1207068bf7d7622
phishe email response,27,688b8ac5f1207068bf7d7623
safari ui alignment,74,688b8ac5f1207068bf7d7624
obas login failure,5,688b8af1f1207068bf7d7625
atm card retention,4,688b8af1f1207068bf7d7626
ach payment delay,16,688b8af1f1207068bf7d7627
suspicious login activity,9,688b8af1f1207068bf7d7628
branch network downtime,2,688b8af1f1207068bf7d7629
api response delay,67,688b8af1f1207068bf7d762a
ios app crash,1,688b8af1f1207068bf7d762b
etl process failure,75,688b8af1f1207068bf7d762c
cbs disk space,69,688b8af1f1207068bf7d762d
account detail font,78,688b8af1f1207068bf7d762e
obas login failure,5,688b8b1ef1207068bf7d762f
atm card reader failure,6,688b8b1ef1207068bf7d7630
ach payment delay,16,688b8b1ef1207068bf7d7631
suspicious login activity,9,688b8b1ef1207068bf7d7632
wan link latency,64,688b8b1ef1207068bf7d7633
report generation delay,33,688b8b1ef1207068bf7d7634
ios app crash,1,688b8b1ef1207068bf7d7635
batch job failure,15,688b8b1ef1207068bf7d7636
receipt printer failure,31,688b8b1ef1207068bf7d7637
account nickname font,22,688b8b1ef1207068bf7d7638
obas login failure,5,688b8b4cf1207068bf7d7639
atm card retention,4,688b8b4cf1207068bf7d763a
ach payment delay,16,688b8b4cf1207068bf7d763b
suspicious login activity,9,688b8b4cf1207068bf7d763c
branch network outage,3,688b8b4cf1207068bf7d763d
cif api performance,67,688b8b4cf1207068bf7d763e
ios app crash,1,688b8b4cf1207068bf7d763f
report generation failure,14,688b8b4cf1207068bf7d7640
exchange server outage,12,688b8b4cf1207068bf7d7641
statement font size,52,688b8b4cf1207068bf7d7642
ldap authentication failure,42,688b8b78f1207068bf7d7643
atm card reader failure,6,688b8b78f1207068bf7d7644
invalid route number,45,688b8b78f1207068bf7d7645
suspicious login activity,9,688b8b78f1207068bf7d7646
branch network outage,3,688b8b78f1207068bf7d7647
statement generation delay,53,688b8b78f1207068bf7d7648
ios app crash,1,688b8b78f1207068bf7d7649
server disk space,61,688b8b78f1207068bf7d764a
sftp connection failure,57,688b8b78f1207068bf7d764b
account nickname truncation,18,688b8b78f1207068bf7d764c
obas login failure,5,688b8ba3f1207068bf7d764d
atm card retention,4,688b8ba3f1207068bf7d764e
ach payment delay,16,688b8ba3f1207068bf7d764f
suspicious login activity,9,688b8ba3f1207068bf7d7650
branch network latency,23,688b8ba3f1207068bf7d7651
sql query timeout,32,688b8ba4f1207068bf7d7652
ios app crash,1,688b8ba4f1207068bf7d7653
exchange server outage,12,688b8ba4f1207068bf7d7654
report generation timeout,33,688b8ba4f1207068bf7d7655
account balance alignment,77,688b8ba4f1207068bf7d7656
obas login failure,5,688b8bcef1207068bf7d7657
atm card retention,4,688b8bcef1207068bf7d7658
ach payment delay,16,688b8bcef1207068bf7d7659
suspicious login activity,9,688b8bcef1207068bf7d765a
branch network outage,3,688b8bcef1207068bf7d765b
cis query performance,68,688b8bcef1207068bf7d765c
ios app crash,1,688b8bcff1207068bf7d765d
report generation timeout,33,688b8bcff1207068bf7d765e
phishe email response,27,688b8bcff1207068bf7d765f
account nickname truncation,18,688b8bcff1207068bf7d7660
obas login failure,5,688b8bf8f1207068bf7d7661
atm card reader failure,6,688b8bf9f1207068bf7d7662
ach batch failure,44,688b8bfaf1207068bf7d7663
suspicious login activity,9,688b8bfaf1207068bf7d7664
branch network outage,3,688b8bfaf1207068bf7d7665
account summary api,71,688b8bfaf1207068bf7d7666
ios bill payment crash,0,688b8bfaf1207068bf7d7667
exchange server outage,12,688b8bfaf1207068bf7d7668
report generation failure,14,688b8bfaf1207068bf7d7669
font size issue,70,688b8bfaf1207068bf7d766a
ldap authentication failure,42,688b8c27f1207068bf7d766b
ncr card reader failure,6,688b8c27f1207068bf7d766c
ach payment delay,16,688b8c27f1207068bf7d766d
suspicious login activity,9,688b8c27f1207068bf7d766e
branch network latency,23,688b8c27f1207068bf7d766f
api response delay,67,688b8c27f1207068bf7d7670
mobile deposit crash,25,688b8c27f1207068bf7d7671
report generation failure,14,688b8c27f1207068bf7d7672
receipt printer failure,31,688b8c28f1207068bf7d7673
font size display,47,688b8c28f1207068bf7d7674
obas login failure,5,688b8c52f1207068bf7d7675
atm card retention,4,688b8c52f1207068bf7d7676
ach payment delay,16,688b8c52f1207068bf7d7677
suspicious login activity,9,688b8c53f1207068bf7d7678
branch network outage,3,688b8c53f1207068bf7d7679
sql query timeout,32,688b8c53f1207068bf7d767a
ios app crash,1,688b8c53f1207068bf7d767b
batch job failure,15,688b8c53f1207068bf7d767c
teller printer offline,34,688b8c54f1207068bf7d767d
account nickname truncation,18,688b8c54f1207068bf7d767e
authentication service failure,50,688b8c78f1207068bf7d767f
atm card reader failure,6,688b8c78f1207068bf7d7680
invalid route number,45,688b8c78f1207068bf7d7681
suspicious login activity,9,688b8c79f1207068bf7d7682
branch network outage,3,688b8c79f1207068bf7d7683
database query timeout,56,688b8c79f1207068bf7d7684
mobile app crash,26,688b8c79f1207068bf7d7685
cpu utilization spike,61,688b8c79f1207068bf7d7686
report generation failure,14,688b8c79f1207068bf7d7687
account balance alignment,77,688b8c7af1207068bf7d7688
ldap login failure,42,688b8ca6f1207068bf7d7689
atm card reader failure,6,688b8ca6f1207068bf7d768a
ach payment delay,16,688b8ca6f1207068bf7d768b
suspicious login activity,9,688b8ca6f1207068bf7d768c
mpls link failure,24,688b8ca6f1207068bf7d768d
dna account summary,71,688b8ca6f1207068bf7d768e
mobile balance discrepancy,25,688b8ca7f1207068bf7d768f
report generation failure,14,688b8ca7f1207068bf7d7690
phishe email threat,27,688b8ca7f1207068bf7d7691
safari font size,74,688b8ca7f1207068bf7d7692
obas login failure,5,688b8ccff1207068bf7d7693
atm card reader failure,6,688b8ccff1207068bf7d7694
ach payment failure,37,688b8cd0f1207068bf7d7695
suspicious login activity,9,688b8cd0f1207068bf7d7696
branch network outage,3,688b8cd0f1207068bf7d7697
los performance degradation,46,688b8cd0f1207068bf7d7698
ios app crash,1,688b8cd0f1207068bf7d7699
exchange server outage,12,688b8cd0f1207068bf7d769a
report generation failure,14,688b8cd0f1207068bf7d769b
font size readability,47,688b8cd1f1207068bf7d769c
obas login failure,5,688b8cfcf1207068bf7d769d
atm card reader failure,6,688b8cfcf1207068bf7d769e
ach payment delay,16,688b8cfcf1207068bf7d769f
suspicious login activity,9,688b8cfdf1207068bf7d76a0
database performance degradation,40,688b8cfdf1207068bf7d76a1
branch network outage,3,688b8cfdf1207068bf7d76a2
ios app crash,1,688b8cfdf1207068bf7d76a3
report generation failure,14,688b8cfdf1207068bf7d76a4
receipt printer failure,31,688b8cfdf1207068bf7d76a5
account balance alignment,77,688b8cfef1207068bf7d76a6
obas login failure,5,688b8d2bf1207068bf7d76a7
atm card retention,4,688b8d2bf1207068bf7d76a8
ach payment rejection,37,688b8d2cf1207068bf7d76a9
database performance degradation,40,688b8d2cf1207068bf7d76aa
fraudulent login attempt,20,688b8d2cf1207068bf7d76ab
branch network outage,3,688b8d2df1207068bf7d76ac
ios app crash,1,688b8d2df1207068bf7d76ad
loan report failure,72,688b8d2df1207068bf7d76ae
backup job failure,15,688b8d2df1207068bf7d76af
font size display,47,688b8d2df1207068bf7d76b0
chrome login failure,66,688b8d58f1207068bf7d76b1
atm card reader failure,6,688b8d58f1207068bf7d76b2
ach payment delay,16,688b8d58f1207068bf7d76b3
suspicious login activity,9,688b8d58f1207068bf7d76b4
wan link degradation,64,688b8d58f1207068bf7d76b5
crm report slowness,76,688b8d59f1207068bf7d76b6
ios app crash,1,688b8d59f1207068bf7d76b7
cbs batch failure,69,688b8d59f1207068bf7d76b8
exchange email delay,12,688b8d59f1207068bf7d76b9
account nickname truncation,18,688b8d59f1207068bf7d76ba
duo mfa failure,62,688b8d95f1207068bf7d76bb
atm card reader failure,6,688b8d96f1207068bf7d76bc
ach payment delay,16,688b8d96f1207068bf7d76bd
database performance degradation,40,688b8d96f1207068bf7d76be
credential stuffing attack,29,688b8d96f1207068bf7d76bf
mpls connection failure,24,688b8d96f1207068bf7d76c0
ios app crash,1,688b8d97f1207068bf7d76c1
report generation failure,14,688b8d98f1207068bf7d76c2
bill pay ui,10,688b8d98f1207068bf7d76c3
loan server cpu,72,688b8d98f1207068bf7d76c4
