keyphrase,document_id
recur charge inquiry,688da4a756cd4d67b0bf9fcf
recur charge inquiry,688da4aa56cd4d67b0bfa019
recur charge inquiry,688da4aa56cd4d67b0bfa026
recur charge inquiry,688da4ac56cd4d67b0bfa053
recur charge inquiry,688da4ad56cd4d67b0bfa082
direct deposit delay,688da4a756cd4d67b0bf9fd0
direct deposit delay,688da4a756cd4d67b0bf9fd7
direct deposit delay,688da4a856cd4d67b0bf9fe6
direct deposit delay,688da4a856cd4d67b0bf9feb
direct deposit delay,688da4a856cd4d67b0bf9fec
direct deposit delay,688da4a856cd4d67b0bf9ff0
direct deposit delay,688da4a956cd4d67b0bf9ff8
direct deposit delay,688da4a956cd4d67b0bf9ffe
direct deposit delay,688da4a956cd4d67b0bfa000
direct deposit delay,688da4aa56cd4d67b0bfa017
direct deposit delay,688da4aa56cd4d67b0bfa021
direct deposit delay,688da4aa56cd4d67b0bfa02d
direct deposit delay,688da4aa56cd4d67b0bfa02e
direct deposit delay,688da4ab56cd4d67b0bfa042
direct deposit delay,688da4ac56cd4d67b0bfa06a
direct deposit delay,688da4ad56cd4d67b0bfa078
direct deposit delay,688da4ad56cd4d67b0bfa07c
direct deposit delay,688da4ad56cd4d67b0bfa083
direct debit issue,688da4a756cd4d67b0bf9fd1
direct debit issue,688da4a856cd4d67b0bf9fe7
fraudulent transaction dispute,688da4a756cd4d67b0bf9fd2
fraudulent transaction dispute,688da4ad56cd4d67b0bfa080
pende deposit inquiry,688da4a756cd4d67b0bf9fd3
online access block,688da4a756cd4d67b0bf9fd4
online access block,688da4a856cd4d67b0bf9fe1
fraudulent charge dispute,688da4a756cd4d67b0bf9fd5
fraudulent charge dispute,688da4a756cd4d67b0bf9fd6
fraudulent charge dispute,688da4a756cd4d67b0bf9fd8
fraudulent charge dispute,688da4a856cd4d67b0bf9fde
fraudulent charge dispute,688da4a856cd4d67b0bf9fe4
fraudulent charge dispute,688da4a856cd4d67b0bf9fe5
fraudulent charge dispute,688da4a856cd4d67b0bf9fe8
fraudulent charge dispute,688da4a956cd4d67b0bf9fff
fraudulent charge dispute,688da4a956cd4d67b0bfa008
fraudulent charge dispute,688da4aa56cd4d67b0bfa023
fraudulent charge dispute,688da4aa56cd4d67b0bfa02a
fraudulent charge dispute,688da4ab56cd4d67b0bfa033
fraudulent charge dispute,688da4ab56cd4d67b0bfa038
fraudulent charge dispute,688da4ab56cd4d67b0bfa039
fraudulent charge dispute,688da4ab56cd4d67b0bfa040
fraudulent charge dispute,688da4ab56cd4d67b0bfa043
fraudulent charge dispute,688da4ab56cd4d67b0bfa046
fraudulent charge dispute,688da4ab56cd4d67b0bfa04a
fraudulent charge dispute,688da4ac56cd4d67b0bfa052
fraudulent charge dispute,688da4ac56cd4d67b0bfa058
fraudulent charge dispute,688da4ac56cd4d67b0bfa05c
fraudulent charge dispute,688da4ac56cd4d67b0bfa05e
fraudulent charge dispute,688da4ad56cd4d67b0bfa06d
fraudulent charge dispute,688da4ae56cd4d67b0bfa08f
direct debit failure,688da4a756cd4d67b0bf9fd9
direct debit failure,688da4a856cd4d67b0bf9fea
direct debit failure,688da4a956cd4d67b0bfa001
direct debit failure,688da4a956cd4d67b0bfa002
direct debit failure,688da4a956cd4d67b0bfa00a
direct debit failure,688da4a956cd4d67b0bfa00f
direct debit failure,688da4aa56cd4d67b0bfa015
direct debit failure,688da4aa56cd4d67b0bfa018
direct debit failure,688da4aa56cd4d67b0bfa01e
direct debit failure,688da4aa56cd4d67b0bfa025
direct debit failure,688da4ab56cd4d67b0bfa037
direct debit failure,688da4ac56cd4d67b0bfa04e
direct debit failure,688da4ac56cd4d67b0bfa056
direct debit failure,688da4ac56cd4d67b0bfa063
direct debit failure,688da4ad56cd4d67b0bfa06f
direct debit failure,688da4ad56cd4d67b0bfa07b
direct debit failure,688da4ad56cd4d67b0bfa07d
direct debit failure,688da4ad56cd4d67b0bfa084
direct debit failure,688da4ae56cd4d67b0bfa093
direct deposit issue,688da4a756cd4d67b0bf9fda
direct deposit issue,688da4a856cd4d67b0bf9fdf
direct deposit issue,688da4a856cd4d67b0bf9ff2
direct deposit issue,688da4a956cd4d67b0bf9ffc
direct deposit issue,688da4a956cd4d67b0bfa007
direct deposit issue,688da4aa56cd4d67b0bfa022
direct deposit issue,688da4ab56cd4d67b0bfa031
direct deposit issue,688da4ab56cd4d67b0bfa049
direct deposit issue,688da4ac56cd4d67b0bfa051
direct deposit issue,688da4ac56cd4d67b0bfa059
fail direct debit,688da4a756cd4d67b0bf9fdb
fail direct debit,688da4aa56cd4d67b0bfa013
fail direct debit,688da4aa56cd4d67b0bfa020
fail direct debit,688da4ae56cd4d67b0bfa099
unauthorized transaction dispute,688da4a856cd4d67b0bf9fdc
unauthorized transaction dispute,688da4a956cd4d67b0bf9ff6
debit rejection issue,688da4a856cd4d67b0bf9fdd
card issue resolution,688da4a856cd4d67b0bf9fe0
deposit posting delay,688da4a856cd4d67b0bf9fe2
deposit posting delay,688da4ae56cd4d67b0bfa08b
unauthorized charge dispute,688da4a856cd4d67b0bf9fe3
unauthorized charge dispute,688da4a956cd4d67b0bf9ff3
unauthorized charge dispute,688da4a956cd4d67b0bf9ff5
unauthorized charge dispute,688da4a956cd4d67b0bf9ffd
unauthorized charge dispute,688da4a956cd4d67b0bfa004
unauthorized charge dispute,688da4aa56cd4d67b0bfa01f
unauthorized charge dispute,688da4ab56cd4d67b0bfa034
unauthorized charge dispute,688da4ab56cd4d67b0bfa048
unauthorized charge dispute,688da4ac56cd4d67b0bfa050
unauthorized charge dispute,688da4ac56cd4d67b0bfa057
unauthorized charge dispute,688da4ac56cd4d67b0bfa067
unauthorized charge dispute,688da4ad56cd4d67b0bfa088
unauthorized charge dispute,688da4ae56cd4d67b0bfa08d
unauthorized charge dispute,688da4ae56cd4d67b0bfa090
unauthorized charge dispute,688da4ae56cd4d67b0bfa091
unauthorized charge dispute,688da4ae56cd4d67b0bfa095
unauthorized charge dispute,688da4ae56cd4d67b0bfa098
unauthorized charge inquiry,688da4a856cd4d67b0bf9fe9
unauthorized charge inquiry,688da4a956cd4d67b0bfa00e
unauthorized charge inquiry,688da4ad56cd4d67b0bfa073
unauthorized charge inquiry,688da4ae56cd4d67b0bfa092
fraudulent charge inquiry,688da4a856cd4d67b0bf9fed
fraudulent charge inquiry,688da4aa56cd4d67b0bfa011
mortgage payment pende,688da4a856cd4d67b0bf9fee
lose debit card,688da4a856cd4d67b0bf9fef
card decline issue,688da4a856cd4d67b0bf9ff1
card decline issue,688da4ab56cd4d67b0bfa032
card decline issue,688da4ab56cd4d67b0bfa03c
card decline issue,688da4ab56cd4d67b0bfa04b
card decline issue,688da4ae56cd4d67b0bfa08a
card decline issue,688da4ae56cd4d67b0bfa09a
upi transfer failure,688da4a956cd4d67b0bf9ff4
upi transfer failure,688da4ac56cd4d67b0bfa061
upi transfer failure,688da4ac56cd4d67b0bfa068
online fraud dispute,688da4a956cd4d67b0bf9ff7
charge recognition inquiry,688da4a956cd4d67b0bf9ff9
card app display issue,688da4a956cd4d67b0bf9ffa
subscription charge inquiry,688da4a956cd4d67b0bf9ffb
subscription charge inquiry,688da4ac56cd4d67b0bfa05b
subscription charge inquiry,688da4ac56cd4d67b0bfa069
subscription charge inquiry,688da4ae56cd4d67b0bfa097
block account access,688da4a956cd4d67b0bfa003
kyc verification,688da4a956cd4d67b0bfa005
mortgage payment reschedule,688da4a956cd4d67b0bfa006
decline card issue,688da4a956cd4d67b0bfa009
charge dispute process,688da4a956cd4d67b0bfa00b
subscription dispute,688da4a956cd4d67b0bfa00c
subscription dispute,688da4ad56cd4d67b0bfa081
subscription dispute,688da4ae56cd4d67b0bfa08c
debit card decline,688da4a956cd4d67b0bfa00d
debit card decline,688da4aa56cd4d67b0bfa014
debit card decline,688da4ad56cd4d67b0bfa087
fail payment inquiry,688da4a956cd4d67b0bfa010
pende debit investigation,688da4aa56cd4d67b0bfa012
password reset issue,688da4aa56cd4d67b0bfa016
deposit delay issue,688da4aa56cd4d67b0bfa01a
deposit delay issue,688da4ae56cd4d67b0bfa08e
deposit delay issue,688da4ae56cd4d67b0bfa096
fraudulent transaction review,688da4aa56cd4d67b0bfa01b
fraudulent transaction review,688da4aa56cd4d67b0bfa01d
payment issue resolution,688da4aa56cd4d67b0bfa01c
payment issue resolution,688da4ac56cd4d67b0bfa054
unrecognized charge dispute,688da4aa56cd4d67b0bfa024
unrecognized charge dispute,688da4ad56cd4d67b0bfa070
card activation issue,688da4aa56cd4d67b0bfa027
card activation issue,688da4aa56cd4d67b0bfa029
card activation issue,688da4ad56cd4d67b0bfa06e
deposit processing issue,688da4aa56cd4d67b0bfa028
direct deposit inquiry,688da4aa56cd4d67b0bfa02b
direct deposit inquiry,688da4ab56cd4d67b0bfa03f
direct deposit inquiry,688da4ad56cd4d67b0bfa06c
card activation failure,688da4aa56cd4d67b0bfa02c
direct deposit review,688da4ab56cd4d67b0bfa02f
card delivery error,688da4ab56cd4d67b0bfa030
unauthorized transaction inquiry,688da4ab56cd4d67b0bfa035
deposit discrepancy issue,688da4ab56cd4d67b0bfa036
direct deposit error,688da4ab56cd4d67b0bfa03a
payment issue investigation,688da4ab56cd4d67b0bfa03b
deposit issue investigation,688da4ab56cd4d67b0bfa03d
deposit issue investigation,688da4ac56cd4d67b0bfa062
fraudulent transaction block,688da4ab56cd4d67b0bfa03e
fraudulent transaction block,688da4ab56cd4d67b0bfa045
travel card block,688da4ab56cd4d67b0bfa041
upi transfer block,688da4ab56cd4d67b0bfa044
direct debit block,688da4ab56cd4d67b0bfa047
direct debit block,688da4ad56cd4d67b0bfa079
misdeliver debit card,688da4ab56cd4d67b0bfa04c
fraudulent transaction claim,688da4ac56cd4d67b0bfa04d
fraudulent transaction claim,688da4ad56cd4d67b0bfa072
statement discrepancy inquiry,688da4ac56cd4d67b0bfa04f
decline transaction issue,688da4ac56cd4d67b0bfa055
decline transaction issue,688da4ad56cd4d67b0bfa075
subscription dispute inquiry,688da4ac56cd4d67b0bfa05a
payment processing issue,688da4ac56cd4d67b0bfa05d
payment processing issue,688da4ac56cd4d67b0bfa064
account access issue,688da4ac56cd4d67b0bfa05f
unauthorized subscription charge,688da4ac56cd4d67b0bfa060
account balance discrepancy,688da4ac56cd4d67b0bfa065
dispute charge inquiry,688da4ac56cd4d67b0bfa066
fraudulent charge review,688da4ad56cd4d67b0bfa06b
deposit hold issue,688da4ad56cd4d67b0bfa071
payroll deposit delay,688da4ad56cd4d67b0bfa074
fraudulent access attempt,688da4ad56cd4d67b0bfa076
subscription charge dispute,688da4ad56cd4d67b0bfa077
mortgage payment rejection,688da4ad56cd4d67b0bfa07a
miss direct deposit,688da4ad56cd4d67b0bfa07e
deposit issue inquiry,688da4ad56cd4d67b0bfa07f
otp delivery failure,688da4ad56cd4d67b0bfa085
unauthorized subscription dispute,688da4ad56cd4d67b0bfa086
charge dispute inquiry,688da4ad56cd4d67b0bfa089
direct debit rejection,688da4ae56cd4d67b0bfa094
